restaurant_id,restaurant_name,cuisine,city,area,total_orders,total_cancellations,cancellation_rate_pct,avg_delivery_duration,avg_order_value,avg_quality_risk,restaurant_health_score,distinct_items_served,top_ordered_item
RST00007,Burrito Bandido Garhoud,Mexican,Dubai,Garhoud,417,57,13.67,44.45,114.24,0.425,0.526,3,Loaded Nachos
RST00008,Bombay Kitchen Bur Dubai,Indian,Dubai,Bur Dubai,411,50,12.17,43.14,56.49,0.395,0.645,10,Samosa (2pcs)
RST00018,Royal Biryani House Al Reef,Indian,Abu Dhabi,Al Reef,391,38,9.72,42.7,56.47,0.376,0.694,10,Chicken Biryani
RST00031,All American Diner Al Nuaimiya,American,Ajman,Al Nuaimiya,378,45,11.9,44.09,57.13,0.388,0.682,10,Mac & Cheese
RST00048,Beirut Express Jumeirah,Lebanese,Dubai,Jumeirah,394,43,10.91,43.15,113.75,0.352,0.837,10,Manakeesh Zaatar
RST00064,Babel Beirut Marina,Lebanese,Dubai,Marina,404,61,15.1,43.28,253.64,0.439,0.465,10,Lamb Kibbeh
RST00065,Spice Route Al Nahda,Indian,Sharjah,Al Nahda,400,38,9.5,41.5,55.92,0.311,0.988,10,Chicken Tikka Masala
RST00066,Leila Restaurant Al Barsha,Lebanese,Dubai,Al Barsha,371,51,13.75,44.63,113.47,0.402,0.603,10,Chicken Tawook
RST00081,Khaleeji Bites Oud Metha,Arabic,Dubai,Oud Metha,381,33,8.66,43.5,131.75,0.352,0.817,10,Lamb Mandi
RST00088,Tawlet Discovery Gardens,Lebanese,Dubai,Discovery Gardens,403,32,7.94,41.59,56.11,0.355,0.796,10,Fattoush Salad
RST00101,Peshawar Wala Muwaileh,Pakistani,Sharjah,Muwaileh,370,32,8.65,42.36,53.48,0.38,0.713,10,Aloo Gosht
RST00116,All American Diner Downtown,American,Dubai,Downtown,389,73,18.77,43.0,253.26,0.456,0.416,10,Crispy Chicken Sandwich
RST00121,Shawarma Station Al Furjan,Arabic,Dubai,Al Furjan,376,39,10.37,41.65,128.29,0.354,0.77,10,Machboos
RST00123,Delhi Darbar Al Reem Island,Indian,Abu Dhabi,Al Reem Island,365,38,10.41,43.59,109.44,0.39,0.691,10,Lamb Rogan Josh
RST00131,Emirati Table Marina,Arabic,Dubai,Marina,393,46,11.7,43.1,304.02,0.363,0.802,10,Dates & Karak
RST00135,Vesuvio Kitchen Al Furjan,Italian,Dubai,Al Furjan,417,41,9.83,43.42,142.55,0.382,0.701,10,Cannoli Siciliani
RST00136,Wasabi Kitchen Al Reef,Japanese,Abu Dhabi,Al Reef,385,43,11.17,44.22,74.32,0.395,0.671,10,Teriyaki Chicken Bowl
RST00138,Ceylon Spice Al Majaz,Sri Lankan,Sharjah,Al Majaz,382,41,10.73,43.35,46.66,0.397,0.64,3,Fish Ambul Thiyal
RST00140,Maharaja Palace Jumeirah,Indian,Dubai,Jumeirah,402,33,8.21,43.29,115.09,0.332,0.876,10,Samosa (2pcs)
RST00142,Namaste Kitchen Al Mushrif,Indian,Abu Dhabi,Al Mushrif,362,48,13.26,42.21,118.95,0.42,0.555,10,Dal Makhani
RST00181,Nobu Express Al Jurf,Japanese,Ajman,Al Jurf,357,45,12.61,42.38,77.46,0.36,0.797,10,Beef Gyoza (6pcs)
RST00186,Bombay Kitchen Oud Metha,Indian,Dubai,Oud Metha,426,70,16.43,42.66,113.38,0.469,0.361,10,Lamb Rogan Josh
RST00215,Nobu Express Al Nuaimiya,Japanese,Ajman,Al Nuaimiya,414,57,13.77,41.45,77.64,0.417,0.561,10,Yakitori Skewers
RST00227,Wok to Walk Al Raha Beach,Chinese,Abu Dhabi,Al Raha Beach,333,45,13.51,42.52,236.09,0.389,0.665,10,Dim Sum Basket
RST00228,Curry Leaf Tourist Club Area,Indian,Abu Dhabi,Tourist Club Area,374,48,12.83,41.36,115.51,0.4,0.601,10,Gulab Jamun
RST00230,Karachi Darbar JLT,Pakistani,Dubai,JLT,400,44,11.0,41.76,101.97,0.377,0.702,10,Sheer Khurma
RST00237,Curry Leaf Nad Al Sheba,Indian,Dubai,Nad Al Sheba,347,53,15.27,43.12,113.18,0.499,0.28,10,Chicken Biryani
RST00245,Desi Zaika Jumeirah,Pakistani,Dubai,Jumeirah,395,34,8.61,46.27,107.51,0.349,0.88,10,Haleem
RST00251,Noodle Bar Shanghai Creek Harbour,Chinese,Dubai,Creek Harbour,450,56,12.44,43.22,227.76,0.378,0.731,10,Dim Sum Basket
RST00254,Pampanga Kitchen Saadiyat Island,Filipino,Abu Dhabi,Saadiyat Island,396,53,13.38,44.02,203.89,0.404,0.608,10,Pancit Canton
RST00261,Desi Zaika Khalifa City,Pakistani,Abu Dhabi,Khalifa City,349,24,6.88,44.41,105.47,0.331,0.934,10,Sheer Khurma
RST00263,Jollibee Express Business Bay,Filipino,Dubai,Business Bay,366,34,9.29,43.71,100.31,0.318,0.921,10,Halo Halo
RST00269,Tawlet Al Nuaimiya,Lebanese,Ajman,Al Nuaimiya,391,34,8.7,43.85,56.87,0.364,0.786,10,Kafta Wrap
RST00275,Namaste Kitchen Al Majaz,Indian,Sharjah,Al Majaz,400,32,8.0,43.47,59.7,0.33,0.935,10,Garlic Naan
RST00278,Tagalog Tastes Mirdif,Filipino,Dubai,Mirdif,390,34,8.72,44.49,98.19,0.392,0.668,10,Lechon Kawali
RST00283,Al Fanar Al Barsha,Arabic,Dubai,Al Barsha,422,32,7.58,43.56,125.9,0.356,0.796,10,Lamb Mandi
RST00300,All American Diner Yas Island,American,Abu Dhabi,Yas Island,380,53,13.95,43.53,260.87,0.369,0.754,10,Onion Rings
RST00311,Spice Route JLT,Indian,Dubai,JLT,367,55,14.99,43.08,113.52,0.399,0.622,10,Dal Makhani
RST00319,Lotus Thai Al Muroor,Thai,Abu Dhabi,Al Muroor,349,39,11.17,41.97,53.67,0.344,0.85,5,Mango Sticky Rice
RST00320,Pizza Express Dubai Al Nahda Dubai,Italian,Dubai,Al Nahda Dubai,384,33,8.59,45.17,70.04,0.366,0.799,10,Cannoli Siciliani
RST00321,Spice Route Al Rashidiya,Indian,Ajman,Al Rashidiya,393,36,9.16,42.63,59.13,0.327,0.89,10,Lamb Rogan Josh
RST00362,Royal Biryani House Motor City,Indian,Dubai,Motor City,389,42,10.8,43.54,113.83,0.36,0.768,10,Butter Chicken
RST00374,Il Pomodoro Al Nahda,Italian,Sharjah,Al Nahda,393,40,10.18,43.55,69.83,0.354,0.827,10,Risotto ai Funghi
RST00377,Bedouin Kitchen Tourist Club Area,Arabic,Abu Dhabi,Tourist Club Area,397,33,8.31,43.16,128.48,0.346,0.807,10,Grilled Hammour
RST00378,Al Fanar Karama,Arabic,Dubai,Karama,390,25,6.41,44.38,62.64,0.308,0.973,10,Dates & Karak
RST00379,Mumbai Street Food Oud Metha,Indian,Dubai,Oud Metha,391,66,16.88,41.19,115.01,0.467,0.354,10,Garlic Naan
RST00399,Royal Biryani House JLT,Indian,Dubai,JLT,378,60,15.87,43.71,111.54,0.448,0.445,10,Gulab Jamun
RST00404,Vesuvio Kitchen DIFC,Italian,Dubai,DIFC,341,31,9.09,40.84,334.34,0.389,0.676,10,Bruschetta
RST00414,Cedar Tree Business Bay,Lebanese,Dubai,Business Bay,390,35,8.97,42.46,116.57,0.369,0.776,10,Chicken Tawook
RST00427,Vesuvio Kitchen Al Reem Island,Italian,Abu Dhabi,Al Reem Island,410,52,12.68,41.05,132.18,0.368,0.756,10,Caprese Salad
RST00432,Chai & Spice Al Raha Beach,Indian,Abu Dhabi,Al Raha Beach,402,39,9.7,41.84,256.21,0.347,0.803,10,Dal Makhani
RST00433,Karachi Darbar Nad Al Sheba,Pakistani,Dubai,Nad Al Sheba,344,42,12.21,41.46,104.14,0.386,0.706,10,Mutton Biryani
RST00438,Beirut Express Sports City,Lebanese,Dubai,Sports City,386,68,17.62,43.86,115.77,0.485,0.295,10,Lamb Kibbeh
RST00447,The Wing Co Creek Harbour,American,Dubai,Creek Harbour,349,46,13.18,42.56,256.77,0.421,0.559,10,Classic Smash Burger
RST00457,Pinoy Kitchen DIFC,Filipino,Dubai,DIFC,370,28,7.57,42.49,201.38,0.35,0.832,10,Pancit Canton
RST00467,Byblos on the Sea Al Jurf,Lebanese,Ajman,Al Jurf,402,50,12.44,42.13,58.44,0.372,0.732,10,Knafeh
RST00473,Ihaw Ihaw Jumeirah Village Triangle,Filipino,Dubai,Jumeirah Village Triangle,383,34,8.88,41.54,93.33,0.349,0.784,10,Beef Caldereta
RST00482,Mandi House Jumeirah,Arabic,Dubai,Jumeirah,367,40,10.9,41.92,129.26,0.365,0.751,10,Grilled Hammour
RST00489,BBQ Tonight Jumeirah Village Circle,Pakistani,Dubai,Jumeirah Village Circle,369,42,11.38,42.1,104.98,0.352,0.778,10,Aloo Gosht
RST00490,Green Valley Pakistani Al Muroor,Pakistani,Abu Dhabi,Al Muroor,368,69,18.75,43.66,53.41,0.471,0.363,10,Aloo Gosht
RST00500,Suhoor Lounge Muwaileh,Arabic,Sharjah,Muwaileh,387,40,10.34,42.71,63.43,0.379,0.686,10,Lamb Mandi
RST00523,Ceylon Spice Khalifa City,Sri Lankan,Abu Dhabi,Khalifa City,394,59,14.97,43.52,87.63,0.389,0.706,3,Rice & Curry
RST00524,Nashville Hot Al Taawun,American,Sharjah,Al Taawun,382,36,9.42,42.85,62.44,0.339,0.914,10,Beef Hot Dog
RST00528,Noodle Bar Shanghai Al Raha Beach,Chinese,Abu Dhabi,Al Raha Beach,391,54,13.81,43.79,227.69,0.357,0.791,10,Dim Sum Basket
RST00530,Bollywood Bites Marina,Indian,Dubai,Marina,439,48,10.93,42.03,230.1,0.352,0.782,10,Dal Makhani
RST00534,La Cucina Jumeirah Village Circle,Italian,Dubai,Jumeirah Village Circle,357,46,12.89,42.17,144.83,0.409,0.607,10,Risotto ai Funghi
RST00539,Patty Perfect Al Furjan,American,Dubai,Al Furjan,382,60,15.71,42.96,115.91,0.428,0.499,10,Crispy Chicken Sandwich
RST00548,Curry Leaf Al Barsha,Indian,Dubai,Al Barsha,364,64,17.58,43.24,118.71,0.421,0.549,10,Gulab Jamun
RST00568,Al Waha Lebanese Al Nuaimiya,Lebanese,Ajman,Al Nuaimiya,362,39,10.77,42.26,57.96,0.381,0.702,10,Mezze Platter
RST00583,Pampanga Kitchen Al Jurf,Filipino,Ajman,Al Jurf,412,42,10.19,42.23,50.54,0.348,0.865,10,Chicken Adobo
RST00584,Mandi House Dubai Hills,Arabic,Dubai,Dubai Hills,380,46,12.11,44.93,285.73,0.389,0.686,10,Jareesh
RST00600,Dim Sum Palace Sports City,Chinese,Dubai,Sports City,349,25,7.16,42.88,110.14,0.353,0.831,10,Kung Pao Chicken
RST00614,Bedouin Kitchen Discovery Gardens,Arabic,Dubai,Discovery Gardens,357,47,13.17,41.82,62.1,0.435,0.496,10,Hummus Platter
RST00618,Masala Junction Al Rashidiya,Indian,Ajman,Al Rashidiya,383,42,10.97,42.46,56.29,0.331,0.887,10,Butter Chicken
RST00622,Al Waha Lebanese Business Bay,Lebanese,Dubai,Business Bay,392,52,13.27,43.04,120.96,0.428,0.531,10,Manakeesh Zaatar
RST00629,Il Pomodoro Corniche,Italian,Abu Dhabi,Corniche,389,33,8.48,43.37,299.97,0.364,0.77,10,Lasagne al Forno
RST00631,Maharaja Palace Jumeirah,Indian,Dubai,Jumeirah,371,46,12.4,43.73,112.96,0.424,0.562,10,Gulab Jamun
RST00633,Adobo House Al Nahda Dubai,Filipino,Dubai,Al Nahda Dubai,385,40,10.39,44.74,47.94,0.35,0.838,10,Kare Kare
RST00635,Haleem Express Arabian Ranches,Pakistani,Dubai,Arabian Ranches,380,47,12.37,42.38,107.7,0.376,0.708,10,Nihari
RST00639,Leila Restaurant Deira,Lebanese,Dubai,Deira,394,44,11.17,42.76,58.56,0.377,0.722,10,Baba Ghanoush
RST00640,Tandoor House Downtown,Indian,Dubai,Downtown,414,44,10.63,41.99,257.23,0.395,0.69,10,Mango Lassi
RST00649,Sisig Station Marina,Filipino,Dubai,Marina,375,45,12.0,41.12,192.83,0.39,0.632,10,Kare Kare
RST00653,Sawadee Kitchen Al Zaab,Thai,Abu Dhabi,Al Zaab,378,49,12.96,43.09,51.7,0.401,0.621,5,Mango Sticky Rice
RST00655,Sakura Sushi Arabian Ranches,Japanese,Dubai,Arabian Ranches,414,51,12.32,42.68,153.17,0.379,0.701,10,Tonkotsu Ramen
RST00663,Lucky Wok Sports City,Chinese,Dubai,Sports City,358,34,9.5,42.06,103.14,0.385,0.693,10,Mapo Tofu
RST00682,Lanka Bites Palm Jumeirah,Sri Lankan,Dubai,Palm Jumeirah,414,39,9.42,44.03,180.85,0.363,0.768,3,Fish Ambul Thiyal
RST00687,Mumbai Street Food Al Quoz,Indian,Dubai,Al Quoz,385,35,9.09,42.14,55.75,0.31,0.963,10,Chicken Biryani
RST00688,Spice Route Festival City,Indian,Dubai,Festival City,385,40,10.39,42.89,239.62,0.336,0.866,10,Chicken Biryani
RST00692,Namaste Kitchen Al Furjan,Indian,Dubai,Al Furjan,394,40,10.15,42.43,111.73,0.315,0.97,10,Samosa (2pcs)
RST00693,Sawadee Kitchen Al Khalidiyah,Thai,Abu Dhabi,Al Khalidiyah,360,40,11.11,42.09,104.5,0.42,0.538,5,Thai Basil Fried Rice
RST00708,BBQ Smokehouse Dubai Hills,American,Dubai,Dubai Hills,395,24,6.08,42.64,265.19,0.338,0.877,10,Beef Hot Dog
RST00716,Noodle Bar Shanghai JLT,Chinese,Dubai,JLT,402,29,7.21,45.32,106.66,0.343,0.894,10,Wonton Soup
RST00728,Khaleeji Bites Al Muroor,Arabic,Abu Dhabi,Al Muroor,377,72,19.1,44.08,63.41,0.516,0.197,10,Jareesh
RST00736,Golden Curry Al Reem Island,Indian,Abu Dhabi,Al Reem Island,382,45,11.78,43.89,114.98,0.389,0.697,10,Chicken Tikka Masala
RST00744,Bombay Kitchen JLT,Indian,Dubai,JLT,362,46,12.71,41.75,117.54,0.475,0.321,10,Samosa (2pcs)
RST00753,Bombay Kitchen Al Nahda,Indian,Sharjah,Al Nahda,380,35,9.21,42.65,58.63,0.356,0.803,10,Chicken Tikka Masala
RST00765,Fattoush Kitchen Saadiyat Island,Lebanese,Abu Dhabi,Saadiyat Island,388,44,11.34,44.39,243.35,0.346,0.859,10,Mezze Platter
RST00778,Manila Garden Nad Al Sheba,Filipino,Dubai,Nad Al Sheba,389,35,9.0,43.03,93.84,0.321,0.945,10,Chicken Adobo
RST00787,Five Guys Kitchen Al Taawun,American,Sharjah,Al Taawun,382,37,9.69,42.97,62.2,0.397,0.647,10,Loaded Fries
RST00788,Tandoor House Dubai Hills,Indian,Dubai,Dubai Hills,354,28,7.91,43.61,247.35,0.321,0.954,10,Dal Makhani
RST00794,Babel Beirut Al Nahda,Lebanese,Sharjah,Al Nahda,385,38,9.87,41.37,61.78,0.373,0.718,10,Kafta Wrap
RST00796,Chai & Spice Karama,Indian,Dubai,Karama,395,27,6.84,42.93,56.46,0.324,0.917,10,Chicken Tikka Masala
RST00800,Amalfi Table Marina,Italian,Dubai,Marina,406,65,16.01,43.93,323.33,0.441,0.5,10,Lasagne al Forno
RST00804,Cedar Tree Deira,Lebanese,Dubai,Deira,368,25,6.79,43.23,59.65,0.328,0.92,10,Baba Ghanoush
RST00806,Spice Route Oud Metha,Indian,Dubai,Oud Metha,382,66,17.28,43.36,114.51,0.453,0.42,10,Gulab Jamun
RST00809,Adobo House Al Majaz,Filipino,Sharjah,Al Majaz,388,43,11.08,42.04,48.72,0.367,0.774,10,Chicken Adobo
RST00819,Peking House JLT,Chinese,Dubai,JLT,377,27,7.16,44.49,110.56,0.332,0.894,10,Peking Duck Wrap
RST00833,Zaatar w Zeit Al Barsha,Lebanese,Dubai,Al Barsha,384,29,7.55,42.66,114.61,0.317,0.956,10,Fattoush Salad
RST00839,Maharaja Palace Al Majaz,Indian,Sharjah,Al Majaz,404,46,11.39,43.54,57.77,0.363,0.761,10,Chicken Tikka Masala
RST00847,Tagalog Tastes DIFC,Filipino,Dubai,DIFC,388,20,5.15,41.92,197.85,0.339,0.88,10,Longganisa Rice
RST00853,Peking House Dubai Hills,Chinese,Dubai,Dubai Hills,378,37,9.79,41.91,228.47,0.325,0.928,10,Beef Chow Mein
RST00893,Nihari House Al Nahda,Pakistani,Sharjah,Al Nahda,352,43,12.22,43.63,52.97,0.368,0.758,10,Daal Chawal
RST00906,Suhoor Lounge Creek Harbour,Arabic,Dubai,Creek Harbour,359,27,7.52,43.94,286.33,0.333,0.875,10,Hummus Platter
RST00908,Ihaw Ihaw Arabian Ranches,Filipino,Dubai,Arabian Ranches,404,44,10.89,43.05,95.19,0.376,0.686,10,Sisig Rice Bowl
RST00926,Nihari House Al Majaz,Pakistani,Sharjah,Al Majaz,389,42,10.8,43.12,51.91,0.372,0.724,10,Karahi Chicken
RST00942,Islamabad Grill Al Nahda,Pakistani,Sharjah,Al Nahda,391,44,11.25,43.2,53.28,0.438,0.504,10,Aloo Gosht
RST00969,Al Safadi Al Taawun,Arabic,Sharjah,Al Taawun,389,40,10.28,42.88,61.29,0.388,0.655,10,Grilled Hammour
RST00987,Royal Biryani House Al Taawun,Indian,Sharjah,Al Taawun,383,30,7.83,42.13,58.81,0.322,0.905,10,Samosa (2pcs)
RST00988,Yakitori Yoshi Al Nahda,Japanese,Sharjah,Al Nahda,338,25,7.4,41.91,76.32,0.31,0.961,10,Edamame
RST01014,Dumpling Republic Silicon Oasis,Chinese,Dubai,Silicon Oasis,391,36,9.21,41.83,53.58,0.355,0.828,10,Wonton Soup
RST01016,Pampanga Kitchen Marina,Filipino,Dubai,Marina,388,35,9.02,43.93,189.16,0.337,0.893,10,Kare Kare
RST01022,Punjab Grill Mirdif,Indian,Dubai,Mirdif,383,37,9.66,42.93,117.36,0.357,0.821,10,Mango Lassi
RST01026,Mandi House Al Majaz,Arabic,Sharjah,Al Majaz,362,38,10.5,44.62,60.12,0.368,0.796,10,Kabsa
RST01028,Pampanga Kitchen Al Taawun,Filipino,Sharjah,Al Taawun,374,36,9.63,43.55,51.88,0.391,0.7,10,Beef Caldereta
RST01030,Desi Zaika Corniche,Pakistani,Abu Dhabi,Corniche,387,40,10.34,42.81,218.09,0.358,0.818,10,Daal Chawal
RST01040,Namaste Kitchen Business Bay,Indian,Dubai,Business Bay,384,44,11.46,40.96,118.13,0.366,0.733,10,Mango Lassi
RST01041,Chao Fan Express Festival City,Chinese,Dubai,Festival City,385,56,14.55,41.83,247.55,0.435,0.488,10,Wonton Soup
RST01068,The Wing Co Al Mushrif,American,Abu Dhabi,Al Mushrif,428,49,11.45,42.6,119.38,0.371,0.753,10,Nashville Hot Tenders
RST01077,Dynasty Kitchen Dubai South,Chinese,Dubai,Dubai South,376,51,13.56,43.46,51.98,0.435,0.515,10,Wonton Soup
RST01088,Leila Restaurant Marina,Lebanese,Dubai,Marina,381,36,9.45,41.56,245.24,0.37,0.735,10,Kafta Wrap
RST01093,Liberty Grill Saadiyat Island,American,Abu Dhabi,Saadiyat Island,372,32,8.6,42.88,245.75,0.333,0.849,10,BBQ Chicken Wings
RST01112,Tagalog Tastes Downtown,Filipino,Dubai,Downtown,370,44,11.89,42.9,200.41,0.334,0.9,10,Lechon Kawali
RST01116,Nashville Hot Festival City,American,Dubai,Festival City,390,41,10.51,43.35,250.1,0.346,0.812,10,Philly Cheesesteak
RST01119,Vesuvio Kitchen Downtown,Italian,Dubai,Downtown,403,37,9.18,42.72,316.85,0.36,0.812,10,Caprese Salad
RST01125,Curry Leaf Business Bay,Indian,Dubai,Business Bay,412,38,9.22,40.63,117.9,0.353,0.789,10,Chicken Tikka Masala
RST01131,Punjab Grill Yas Island,Indian,Abu Dhabi,Yas Island,402,43,10.7,41.8,250.48,0.318,0.928,10,Gulab Jamun
RST01137,Masala Junction Jumeirah Village Circle,Indian,Dubai,Jumeirah Village Circle,409,55,13.45,42.12,113.83,0.403,0.615,10,Chicken Biryani
RST01165,Namaste Kitchen Al Furjan,Indian,Dubai,Al Furjan,411,39,9.49,43.62,118.89,0.364,0.785,10,Chicken Tikka Masala
RST01183,Golden Curry Marina,Indian,Dubai,Marina,379,47,12.4,44.07,233.87,0.377,0.747,10,Lamb Rogan Josh
RST01213,Leila Restaurant Muwaileh,Lebanese,Sharjah,Muwaileh,399,56,14.04,43.39,55.76,0.463,0.379,10,Chicken Tawook
RST01215,Lutong Bahay Discovery Gardens,Filipino,Dubai,Discovery Gardens,359,35,9.75,43.48,50.42,0.348,0.833,10,Crispy Pata
RST01219,Burger District Downtown,American,Dubai,Downtown,355,37,10.42,42.42,259.79,0.325,0.927,10,Classic Smash Burger
RST01227,Suhoor Lounge Al Reef,Arabic,Abu Dhabi,Al Reef,397,51,12.85,41.83,67.11,0.422,0.555,10,Jareesh
RST01228,Lutong Bahay Al Nahda,Filipino,Sharjah,Al Nahda,380,38,10.0,44.29,48.97,0.345,0.841,10,Crispy Pata
RST01236,Five Guys Kitchen Al Karamah,American,Abu Dhabi,Al Karamah,373,50,13.4,43.79,121.29,0.386,0.685,10,Loaded Fries
RST01273,Edo Japanese Masdar City,Japanese,Abu Dhabi,Masdar City,401,46,11.47,41.75,149.58,0.361,0.76,10,Edamame
RST01277,Chai & Spice Al Nahda,Indian,Sharjah,Al Nahda,413,28,6.78,45.26,56.13,0.334,0.907,10,Lamb Rogan Josh
RST01280,Bollywood Bites Al Nahda,Indian,Sharjah,Al Nahda,373,30,8.04,44.2,58.08,0.33,0.911,10,Chicken Biryani
RST01282,Delhi Darbar Karama,Indian,Dubai,Karama,374,38,10.16,44.47,60.53,0.408,0.636,10,Garlic Naan
RST01295,All American Diner JLT,American,Dubai,JLT,405,43,10.62,43.37,118.01,0.329,0.887,10,Philly Cheesesteak
RST01298,Masala Junction Al Khalidiyah,Indian,Abu Dhabi,Al Khalidiyah,419,45,10.74,42.54,115.89,0.392,0.665,10,Chicken Biryani
RST01308,Il Pomodoro Business Bay,Italian,Dubai,Business Bay,377,34,9.02,42.61,143.83,0.332,0.892,10,Risotto ai Funghi
RST01313,Il Pomodoro Al Taawun,Italian,Sharjah,Al Taawun,352,32,9.09,44.15,67.83,0.345,0.838,10,Pasta Carbonara
RST01331,Tandoor House Al Quoz,Indian,Dubai,Al Quoz,386,40,10.36,44.49,58.23,0.352,0.848,10,Dal Makhani
RST01336,All American Diner Palm Jumeirah,American,Dubai,Palm Jumeirah,381,39,10.24,42.02,254.61,0.351,0.821,10,Nashville Hot Tenders
RST01351,BBQ Smokehouse Al Barsha,American,Dubai,Al Barsha,438,55,12.56,42.48,118.08,0.43,0.52,10,Mac & Cheese
RST01356,Namaste Kitchen Business Bay,Indian,Dubai,Business Bay,388,39,10.05,40.16,109.97,0.358,0.766,10,Samosa (2pcs)
RST01365,Masala Junction International City,Indian,Dubai,International City,427,35,8.2,43.32,57.42,0.333,0.916,10,Butter Chicken
RST01374,Bella Napoli Jumeirah Village Circle,Italian,Dubai,Jumeirah Village Circle,392,48,12.24,45.25,141.51,0.414,0.598,10,Chicken Parmigiana
RST01379,Namaste Kitchen Business Bay,Indian,Dubai,Business Bay,382,40,10.47,41.89,114.25,0.402,0.608,10,Gulab Jamun
RST01385,Burger District Downtown,American,Dubai,Downtown,389,41,10.54,41.32,262.28,0.334,0.878,10,Chocolate Milkshake
RST01392,Smash & Stack Khalifa City,American,Abu Dhabi,Khalifa City,401,47,11.72,41.89,123.93,0.384,0.689,10,Loaded Fries
RST01401,Lanka Bites Palm Jumeirah,Sri Lankan,Dubai,Palm Jumeirah,374,30,8.02,42.51,186.29,0.343,0.839,3,Rice & Curry
RST01405,Delhi Darbar Discovery Gardens,Indian,Dubai,Discovery Gardens,344,36,10.47,41.14,54.86,0.412,0.548,10,Chicken Biryani
RST01408,Emirati Table Al Reem Island,Arabic,Abu Dhabi,Al Reem Island,383,38,9.92,41.28,126.18,0.328,0.9,10,Mixed Grill
RST01416,Shake Shack Express Business Bay,American,Dubai,Business Bay,399,48,12.03,41.48,121.15,0.367,0.742,10,Mac & Cheese
RST01418,Delhi Darbar DIFC,Indian,Dubai,DIFC,358,44,12.29,43.9,245.1,0.385,0.669,10,Gulab Jamun
RST01420,Zaatar w Zeit Dubai South,Lebanese,Dubai,Dubai South,390,42,10.77,42.83,56.9,0.351,0.813,10,Warak Dawali
RST01422,Lucky Wok Al Nahda,Chinese,Sharjah,Al Nahda,377,46,12.2,42.62,52.26,0.405,0.611,10,Mapo Tofu
RST01428,Beirut Express Al Reef,Lebanese,Abu Dhabi,Al Reef,409,46,11.25,43.04,57.87,0.392,0.65,10,Mezze Platter
RST01435,Suhoor Lounge Al Furjan,Arabic,Dubai,Al Furjan,412,40,9.71,42.47,124.78,0.32,0.946,10,Mixed Grill
RST01440,Bella Napoli Muwaileh,Italian,Sharjah,Muwaileh,386,38,9.84,44.5,70.82,0.38,0.722,10,Lasagne al Forno
RST01444,Vesuvio Kitchen Dubai Hills,Italian,Dubai,Dubai Hills,413,41,9.93,43.14,316.78,0.343,0.867,10,Bruschetta
RST01450,Al Hamra Pakistani Downtown,Pakistani,Dubai,Downtown,338,47,13.91,42.0,223.02,0.384,0.719,10,Haleem
RST01455,Izakaya House Al Rashidiya,Japanese,Ajman,Al Rashidiya,408,30,7.35,44.85,75.39,0.325,0.929,10,Yakitori Skewers
RST01473,Byblos on the Sea Motor City,Lebanese,Dubai,Motor City,375,37,9.87,42.8,117.8,0.403,0.602,10,Warak Dawali
RST01474,La Cucina Al Taawun,Italian,Sharjah,Al Taawun,379,50,13.19,42.47,70.61,0.402,0.628,10,Penne Arrabbiata
RST01475,Sisig Station Business Bay,Filipino,Dubai,Business Bay,401,37,9.23,42.89,98.12,0.342,0.854,10,Beef Caldereta
RST01479,Tandoor House Al Rashidiya,Indian,Ajman,Al Rashidiya,354,32,9.04,43.06,55.46,0.362,0.759,10,Chicken Biryani
RST01487,BBQ Tonight Khalifa City,Pakistani,Abu Dhabi,Khalifa City,404,60,14.85,43.46,102.37,0.434,0.507,10,Aloo Gosht
RST01489,Lahori Chaska Al Taawun,Pakistani,Sharjah,Al Taawun,396,35,8.84,44.85,50.71,0.331,0.916,10,Haleem
RST01492,Thai Orchid Deira,Thai,Dubai,Deira,399,34,8.52,42.73,55.41,0.403,0.611,5,Green Curry Chicken
RST01499,Suhoor Lounge Business Bay,Arabic,Dubai,Business Bay,352,50,14.2,40.58,132.74,0.429,0.494,10,Falafel Wrap
RST01515,Pinoy Kitchen Satwa,Filipino,Dubai,Satwa,396,53,13.38,42.15,49.37,0.416,0.553,10,Crispy Pata
RST01526,Saffron Table Palm Jumeirah,Indian,Dubai,Palm Jumeirah,378,30,7.94,44.24,239.56,0.34,0.862,10,Mango Lassi
RST01528,Golden Curry Oud Metha,Indian,Dubai,Oud Metha,362,37,10.22,42.27,122.54,0.345,0.851,10,Chicken Tikka Masala
RST01529,Desi Zaika Jumeirah,Pakistani,Dubai,Jumeirah,414,56,13.53,43.49,104.03,0.424,0.522,10,Aloo Gosht
RST01554,Dim Sum Palace Al Rashidiya,Chinese,Ajman,Al Rashidiya,385,38,9.87,42.25,54.47,0.358,0.823,10,Wonton Soup
RST01577,Masala Junction Deira,Indian,Dubai,Deira,338,42,12.43,43.35,59.98,0.366,0.819,10,Chicken Biryani
RST01584,Curry Leaf Al Nahda,Indian,Sharjah,Al Nahda,426,63,14.79,43.44,59.23,0.448,0.433,10,Butter Chicken
RST01585,Chao Fan Express Mirdif,Chinese,Dubai,Mirdif,362,59,16.3,43.11,115.44,0.428,0.527,10,Spring Rolls (4pcs)
RST01587,Adobo House Palm Jumeirah,Filipino,Dubai,Palm Jumeirah,415,35,8.43,43.49,202.72,0.324,0.936,10,Crispy Pata
RST01589,Babel Beirut Al Rashidiya,Lebanese,Ajman,Al Rashidiya,384,50,13.02,43.5,56.93,0.375,0.742,10,Shanklish Salad
RST01592,Patty Perfect Muwaileh,American,Sharjah,Muwaileh,405,47,11.6,42.43,61.15,0.371,0.749,10,Loaded Fries
RST01597,Liberty Grill DIFC,American,Dubai,DIFC,363,34,9.37,44.18,261.26,0.356,0.812,10,Philly Cheesesteak
RST01602,La Cucina Muhaisnah,Italian,Dubai,Muhaisnah,392,36,9.18,44.31,70.34,0.33,0.93,10,Margherita Pizza
RST01603,Peking House Jumeirah,Chinese,Dubai,Jumeirah,373,33,8.85,43.83,108.61,0.396,0.67,10,Wonton Soup
RST01605,Golden Curry Satwa,Indian,Dubai,Satwa,417,63,15.11,42.6,57.97,0.396,0.628,10,Gulab Jamun
RST01618,Bedouin Kitchen Al Khalidiyah,Arabic,Abu Dhabi,Al Khalidiyah,376,37,9.84,43.43,124.9,0.366,0.747,10,Dates & Karak
RST01619,Pinoy Kitchen Al Nahda,Filipino,Sharjah,Al Nahda,376,55,14.63,42.51,49.5,0.427,0.55,10,Chicken Adobo
RST01631,Namaste Kitchen Al Majaz,Indian,Sharjah,Al Majaz,415,47,11.33,43.17,57.72,0.366,0.743,10,Samosa (2pcs)
RST01636,Lucky Wok Dubai South,Chinese,Dubai,Dubai South,382,37,9.69,43.74,54.03,0.371,0.776,10,Dim Sum Basket
RST01667,Yakitori Yoshi Bur Dubai,Japanese,Dubai,Bur Dubai,413,60,14.53,42.43,73.73,0.386,0.663,10,Dragon Roll
RST01668,Royal Biryani House Marina,Indian,Dubai,Marina,338,41,12.13,43.35,248.74,0.421,0.583,10,Samosa (2pcs)
RST01670,Shake Shack Express Yas Island,American,Abu Dhabi,Yas Island,379,59,15.57,42.94,264.13,0.445,0.444,10,Beef Hot Dog
RST01671,Punjab Grill Downtown,Indian,Dubai,Downtown,369,28,7.59,43.91,232.55,0.354,0.808,10,Lamb Rogan Josh
RST01681,Arabian Nights Kitchen Al Majaz,Arabic,Sharjah,Al Majaz,349,37,10.6,41.68,64.58,0.433,0.505,10,Chicken Shawarma
RST01682,Golden Dragon Jumeirah,Chinese,Dubai,Jumeirah,413,38,9.2,42.88,110.85,0.313,0.981,10,Wonton Soup
RST01687,Masala Junction Dubai South,Indian,Dubai,Dubai South,384,48,12.5,42.26,55.74,0.386,0.652,10,Garlic Naan
RST01690,Punjab Grill Al Majaz,Indian,Sharjah,Al Majaz,368,50,13.59,42.46,58.31,0.392,0.636,10,Chicken Tikka Masala
RST01709,Karachi Darbar Al Reem Island,Pakistani,Abu Dhabi,Al Reem Island,365,41,11.23,41.79,104.5,0.361,0.757,10,Sheer Khurma
RST01715,Arabian Nights Kitchen Downtown,Arabic,Dubai,Downtown,427,72,16.86,42.86,299.84,0.425,0.501,10,Grilled Hammour
RST01718,Fattoush Kitchen Al Quoz,Lebanese,Dubai,Al Quoz,371,46,12.4,42.74,57.05,0.378,0.715,10,Shanklish Salad
RST01730,Sashimi Bar Shahama,Japanese,Abu Dhabi,Shahama,398,34,8.54,43.14,78.6,0.345,0.849,10,Tonkotsu Ramen
RST01752,Desi Zaika Khalidiyah,Pakistani,Abu Dhabi,Khalidiyah,352,51,14.49,44.99,106.99,0.394,0.641,10,Nihari
RST01773,Al Hamra Pakistani Business Bay,Pakistani,Dubai,Business Bay,374,36,9.63,41.96,100.33,0.348,0.884,10,Paya Soup
RST01774,Maharaja Palace Downtown,Indian,Dubai,Downtown,358,31,8.66,41.26,253.45,0.327,0.898,10,Chicken Tikka Masala
RST01776,Delhi Darbar Al Rashidiya,Indian,Ajman,Al Rashidiya,377,43,11.41,41.81,56.05,0.399,0.628,10,Dal Makhani
RST01794,Punjab Grill Downtown,Indian,Dubai,Downtown,418,53,12.68,42.89,244.18,0.391,0.635,10,Lamb Rogan Josh
RST01795,Al Dawaar Grill Oud Metha,Arabic,Dubai,Oud Metha,360,37,10.28,41.93,128.96,0.358,0.798,10,Hummus Platter
RST01803,Royal Biryani House Al Majaz,Indian,Sharjah,Al Majaz,362,41,11.33,42.9,57.21,0.338,0.86,10,Palak Paneer
RST01807,Adobo House Festival City,Filipino,Dubai,Festival City,393,61,15.52,42.34,206.2,0.418,0.522,10,Chicken Adobo
RST01811,Sawadee Kitchen Muhaisnah,Thai,Dubai,Muhaisnah,400,39,9.75,41.89,53.04,0.378,0.688,5,Mango Sticky Rice
RST01816,Sarap Dito Al Reem Island,Filipino,Abu Dhabi,Al Reem Island,368,28,7.61,42.6,101.29,0.31,0.984,10,Pancit Canton
RST01840,Vesuvio Kitchen Khalifa City,Italian,Abu Dhabi,Khalifa City,413,41,9.93,42.8,135.36,0.378,0.704,10,Caprese Salad
RST01848,Pizza Express Dubai Dubai Hills,Italian,Dubai,Dubai Hills,393,42,10.69,42.74,339.6,0.383,0.679,10,Risotto ai Funghi
RST01853,Tagalog Tastes Business Bay,Filipino,Dubai,Business Bay,372,51,13.71,44.14,103.19,0.421,0.563,10,Longganisa Rice
RST01860,Babel Beirut Saadiyat Island,Lebanese,Abu Dhabi,Saadiyat Island,372,30,8.06,44.14,251.02,0.333,0.881,10,Mezze Platter
RST01874,Bella Napoli Muwaileh,Italian,Sharjah,Muwaileh,389,46,11.83,42.18,66.73,0.359,0.793,10,Margherita Pizza
RST01876,Chao Fan Express Corniche,Chinese,Abu Dhabi,Corniche,360,34,9.44,42.48,229.4,0.349,0.825,10,Beef Chow Mein
RST01878,Khaleeji Bites Satwa,Arabic,Dubai,Satwa,376,37,9.84,43.09,62.15,0.396,0.673,10,Lamb Mandi
RST01881,Edo Japanese Sports City,Japanese,Dubai,Sports City,416,36,8.65,43.58,154.61,0.329,0.912,10,Matcha Ice Cream
RST01888,Golden Dragon Al Muroor,Chinese,Abu Dhabi,Al Muroor,398,48,12.06,42.55,54.57,0.425,0.545,10,Steamed Dumplings
RST01892,Amalfi Table Al Taawun,Italian,Sharjah,Al Taawun,398,40,10.05,43.83,68.77,0.324,0.94,10,Caprese Salad
RST01899,Spice Route Shahama,Indian,Abu Dhabi,Shahama,386,50,12.95,41.71,56.35,0.379,0.711,10,Butter Chicken
RST01923,Chao Fan Express Palm Jumeirah,Chinese,Dubai,Palm Jumeirah,342,41,11.99,40.92,239.01,0.451,0.398,10,Spring Rolls (4pcs)
RST01928,Golden Dragon International City,Chinese,Dubai,International City,368,49,13.32,44.15,53.78,0.429,0.539,10,Wonton Soup
RST01932,Mezze House DIFC,Lebanese,Dubai,DIFC,400,43,10.75,42.53,248.63,0.378,0.724,10,Knafeh
RST01933,Shake Shack Express Hamdan Street,American,Abu Dhabi,Hamdan Street,346,50,14.45,41.88,120.95,0.412,0.572,10,Beef Hot Dog
RST01947,Spice Route Marina,Indian,Dubai,Marina,401,37,9.23,42.56,255.05,0.342,0.916,10,Garlic Naan
RST01949,Byblos on the Sea Deira,Lebanese,Dubai,Deira,376,46,12.23,41.88,58.21,0.387,0.67,10,Chicken Tawook
RST01962,Pasta Fresca Creek Harbour,Italian,Dubai,Creek Harbour,352,40,11.36,43.75,318.29,0.368,0.761,10,Bruschetta
RST01965,Al Hamra Pakistani Al Rashidiya,Pakistani,Ajman,Al Rashidiya,373,29,7.77,40.93,48.87,0.355,0.803,10,Karahi Chicken
RST01966,Chao Fan Express Jumeirah Village Triangle,Chinese,Dubai,Jumeirah Village Triangle,405,40,9.88,43.15,114.23,0.343,0.855,10,Wonton Soup
RST01978,La Cucina Al Nahda,Italian,Sharjah,Al Nahda,346,40,11.56,42.49,67.92,0.38,0.696,10,Pasta Carbonara
RST01982,Al Fanar Mirdif,Arabic,Dubai,Mirdif,354,43,12.15,42.39,129.42,0.369,0.732,10,Mixed Grill
RST00024,Mumbai Street Food Dubai Hills,Indian,Dubai,Dubai Hills,390,38,9.74,42.66,242.14,0.336,0.887,10,Butter Chicken
RST00026,Royal Biryani House International City,Indian,Dubai,International City,374,54,14.44,43.48,57.55,0.429,0.49,10,Garlic Naan
RST00097,Pinoy Kitchen Al Taawun,Filipino,Sharjah,Al Taawun,391,34,8.7,44.27,50.69,0.37,0.765,10,Pancit Canton
RST00103,Curry Leaf Al Rashidiya,Indian,Ajman,Al Rashidiya,384,41,10.68,43.33,58.27,0.441,0.465,10,Garlic Naan
RST00105,Shawarma Station Jumeirah Village Circle,Arabic,Dubai,Jumeirah Village Circle,362,32,8.84,41.84,123.15,0.363,0.75,10,Dates & Karak
RST00110,The Wing Co Mirdif,American,Dubai,Mirdif,396,45,11.36,43.11,124.9,0.324,0.874,10,Classic Smash Burger
RST00113,Curry Leaf Al Mushrif,Indian,Abu Dhabi,Al Mushrif,411,45,10.95,44.71,111.89,0.346,0.847,10,Chicken Biryani
RST00126,Arabian Nights Kitchen Al Taawun,Arabic,Sharjah,Al Taawun,362,46,12.71,42.27,62.99,0.328,0.913,10,Lamb Mandi
RST00141,Haleem Express Deira,Pakistani,Dubai,Deira,412,36,8.74,42.9,51.26,0.341,0.838,10,Karahi Chicken
RST00147,Golden Curry Al Furjan,Indian,Dubai,Al Furjan,384,42,10.94,41.83,119.82,0.403,0.618,10,Chicken Biryani
RST00149,Adobo House Downtown,Filipino,Dubai,Downtown,360,32,8.89,44.13,197.27,0.345,0.874,10,Longganisa Rice
RST00150,Smash & Stack Al Reem Island,American,Abu Dhabi,Al Reem Island,377,39,10.34,41.97,125.33,0.363,0.73,10,Chocolate Milkshake
RST00153,The Wing Co Al Nahda Dubai,American,Dubai,Al Nahda Dubai,364,39,10.71,41.75,61.03,0.337,0.868,10,Nashville Hot Tenders
RST00155,Karachi Darbar Karama,Pakistani,Dubai,Karama,394,52,13.2,42.33,50.55,0.421,0.526,10,Karahi Chicken
RST00157,Chai & Spice Karama,Indian,Dubai,Karama,386,31,8.03,42.84,56.56,0.347,0.834,10,Chicken Biryani
RST00163,Lahori Chaska Al Majaz,Pakistani,Sharjah,Al Majaz,368,40,10.87,42.98,51.52,0.361,0.764,10,Chapli Kebab
RST00166,Saffron Table Discovery Gardens,Indian,Dubai,Discovery Gardens,383,45,11.75,42.08,55.2,0.343,0.84,10,Gulab Jamun
RST00169,Adobo House Al Nahda,Filipino,Sharjah,Al Nahda,400,38,9.5,42.31,50.66,0.328,0.876,10,Sisig Rice Bowl
RST00192,Golden Dragon Khalidiyah,Chinese,Abu Dhabi,Khalidiyah,365,44,12.05,43.06,107.27,0.335,0.872,10,Sweet & Sour Pork
RST00196,Pizza Express Dubai Festival City,Italian,Dubai,Festival City,388,41,10.57,42.78,314.27,0.358,0.775,10,Cannoli Siciliani
RST00205,Pinoy Kitchen DIFC,Filipino,Dubai,DIFC,383,54,14.1,42.41,202.6,0.376,0.675,10,Pancit Canton
RST00206,Lutong Bahay Al Furjan,Filipino,Dubai,Al Furjan,395,31,7.85,42.54,98.8,0.367,0.76,10,Sisig Rice Bowl
RST00218,Punjab Grill Karama,Indian,Dubai,Karama,418,52,12.44,41.37,56.3,0.348,0.809,10,Butter Chicken
RST00223,Green Valley Pakistani Al Rashidiya,Pakistani,Ajman,Al Rashidiya,364,52,14.29,40.8,48.83,0.412,0.586,10,Haleem
RST00232,Ramen Republic Al Reef,Japanese,Abu Dhabi,Al Reef,397,45,11.34,42.46,73.02,0.343,0.854,10,Beef Gyoza (6pcs)
RST00234,Pinoy Kitchen Al Nahda,Filipino,Sharjah,Al Nahda,386,39,10.1,42.29,46.95,0.334,0.913,10,Longganisa Rice
RST00250,Tandoor House Al Furjan,Indian,Dubai,Al Furjan,383,33,8.62,42.56,113.88,0.336,0.864,10,Mango Lassi
RST00252,Tandoor House Yas Island,Indian,Abu Dhabi,Yas Island,390,37,9.49,40.72,244.8,0.31,0.969,10,Samosa (2pcs)
RST00266,Nobu Express Al Quoz,Japanese,Dubai,Al Quoz,393,28,7.12,41.19,73.78,0.35,0.846,10,Yakitori Skewers
RST00267,Nonna Rosa Al Nahda,Italian,Sharjah,Al Nahda,409,54,13.2,44.26,70.91,0.408,0.612,10,Bruschetta
RST00272,Al Safadi Creek Harbour,Arabic,Dubai,Creek Harbour,382,32,8.38,41.72,296.79,0.313,0.966,10,Chicken Shawarma
RST00298,Maharaja Palace JLT,Indian,Dubai,JLT,388,54,13.92,42.99,118.2,0.459,0.373,10,Garlic Naan
RST00306,Peshawar Wala Creek Harbour,Pakistani,Dubai,Creek Harbour,348,36,10.34,44.01,221.27,0.341,0.821,10,Sheer Khurma
RST00318,Chai & Spice Al Nahda,Indian,Sharjah,Al Nahda,357,44,12.32,43.33,56.32,0.341,0.862,10,Palak Paneer
RST00323,Lahori Chaska Discovery Gardens,Pakistani,Dubai,Discovery Gardens,352,49,13.92,43.81,51.99,0.437,0.466,10,Nihari
RST00339,Capricciosa Al Reem Island,Italian,Abu Dhabi,Al Reem Island,419,48,11.46,43.33,143.68,0.448,0.44,10,Cannoli Siciliani
RST00340,Saffron Table Muwaileh,Indian,Sharjah,Muwaileh,401,57,14.21,43.71,56.5,0.442,0.44,10,Chicken Tikka Masala
RST00341,Nashville Hot Corniche,American,Abu Dhabi,Corniche,341,32,9.38,43.47,248.78,0.362,0.794,10,Mac & Cheese
RST00347,Maharaja Palace Al Reem Island,Indian,Abu Dhabi,Al Reem Island,410,46,11.22,42.83,120.45,0.403,0.6,10,Butter Chicken
RST00353,Arabian Nights Kitchen Al Reem Island,Arabic,Abu Dhabi,Al Reem Island,353,36,10.2,41.74,130.52,0.356,0.783,10,Kabsa
RST00360,Yakitori Yoshi Al Karamah,Japanese,Abu Dhabi,Al Karamah,362,55,15.19,43.43,153.01,0.398,0.632,10,Tonkotsu Ramen
RST00367,Dim Sum Palace Al Nahda,Chinese,Sharjah,Al Nahda,366,43,11.75,41.65,56.71,0.445,0.451,10,Mapo Tofu
RST00376,Golden Curry Hamdan Street,Indian,Abu Dhabi,Hamdan Street,369,49,13.28,41.96,116.05,0.453,0.421,10,Chicken Tikka Masala
RST00387,Jollibee Express Dubai Hills,Filipino,Dubai,Dubai Hills,403,58,14.39,43.58,205.53,0.413,0.569,10,Sinigang na Baboy
RST00411,BBQ Tonight Al Muroor,Pakistani,Abu Dhabi,Al Muroor,363,32,8.82,42.12,54.14,0.349,0.833,10,Seekh Kebab
RST00413,Royal Biryani House Al Mushrif,Indian,Abu Dhabi,Al Mushrif,397,44,11.08,42.48,116.38,0.436,0.475,10,Butter Chicken
RST00422,Namaste Kitchen Al Nahda,Indian,Sharjah,Al Nahda,403,45,11.17,42.71,58.27,0.376,0.72,10,Lamb Rogan Josh
RST00435,Nobu Express Al Nuaimiya,Japanese,Ajman,Al Nuaimiya,411,34,8.27,43.57,75.62,0.358,0.796,10,Salmon Sushi Roll
RST00443,Golden Dragon Electra Street,Chinese,Abu Dhabi,Electra Street,370,40,10.81,42.16,109.38,0.362,0.76,10,Kung Pao Chicken
RST00449,Emirati Table Downtown,Arabic,Dubai,Downtown,398,40,10.05,43.43,300.5,0.321,0.927,10,Hummus Platter
RST00450,Chai & Spice Dubai Hills,Indian,Dubai,Dubai Hills,378,54,14.29,43.49,240.14,0.391,0.668,10,Mango Lassi
RST00456,Mandi House Deira,Arabic,Dubai,Deira,366,39,10.66,42.78,60.72,0.337,0.863,10,Falafel Wrap
RST00461,Mandi House Deira,Arabic,Dubai,Deira,390,48,12.31,45.77,64.58,0.368,0.757,10,Dates & Karak
RST00472,Liberty Grill Al Karamah,American,Abu Dhabi,Al Karamah,384,27,7.03,43.94,127.05,0.341,0.877,10,Philly Cheesesteak
RST00487,Chai & Spice Satwa,Indian,Dubai,Satwa,408,38,9.31,41.97,56.99,0.348,0.855,10,Lamb Rogan Josh
RST00501,Tagalog Tastes Hamdan Street,Filipino,Abu Dhabi,Hamdan Street,379,55,14.51,42.1,95.05,0.423,0.534,10,Sisig Rice Bowl
RST00522,Bollywood Bites Bur Dubai,Indian,Dubai,Bur Dubai,419,49,11.69,43.21,56.64,0.392,0.684,10,Mango Lassi
RST00538,Emirati Table Downtown,Arabic,Dubai,Downtown,406,34,8.37,42.37,296.16,0.353,0.82,10,Hummus Platter
RST00543,Nonna Rosa Jumeirah,Italian,Dubai,Jumeirah,424,50,11.79,42.48,134.38,0.399,0.627,10,Tiramisu
RST00546,Peking House Downtown,Chinese,Dubai,Downtown,379,72,19.0,43.43,235.25,0.459,0.396,10,Steamed Dumplings
RST00551,Mezze House Discovery Gardens,Lebanese,Dubai,Discovery Gardens,377,51,13.53,41.14,56.57,0.436,0.447,10,Warak Dawali
RST00554,Amalfi Table Al Taawun,Italian,Sharjah,Al Taawun,372,29,7.8,42.97,66.89,0.328,0.934,10,Bruschetta
RST00567,Liberty Grill Motor City,American,Dubai,Motor City,395,55,13.92,42.14,124.15,0.4,0.648,10,Chocolate Milkshake
RST00569,Curry Leaf Al Taawun,Indian,Sharjah,Al Taawun,411,50,12.17,43.46,57.57,0.429,0.504,10,Chicken Tikka Masala
RST00573,Karachi Darbar Al Nahda Dubai,Pakistani,Dubai,Al Nahda Dubai,398,53,13.32,43.77,50.73,0.411,0.596,10,Mutton Biryani
RST00576,Green Valley Pakistani Al Taawun,Pakistani,Sharjah,Al Taawun,383,43,11.23,42.7,52.06,0.399,0.631,10,Karahi Chicken
RST00586,The Wing Co Oud Metha,American,Dubai,Oud Metha,419,38,9.07,43.63,125.22,0.351,0.844,10,Classic Smash Burger
RST00588,Chai & Spice Khalifa City,Indian,Abu Dhabi,Khalifa City,392,38,9.69,42.8,120.0,0.378,0.727,10,Chicken Tikka Masala
RST00597,Burger District Jumeirah,American,Dubai,Jumeirah,389,48,12.34,43.91,121.94,0.413,0.545,10,Beef Hot Dog
RST00599,Curry Leaf Al Majaz,Indian,Sharjah,Al Majaz,383,34,8.88,44.15,55.21,0.352,0.865,10,Dal Makhani
RST00606,Haleem Express Business Bay,Pakistani,Dubai,Business Bay,405,58,14.32,42.13,98.42,0.431,0.521,10,Karahi Chicken
RST00607,Royal Biryani House Downtown,Indian,Dubai,Downtown,359,48,13.37,42.46,260.57,0.377,0.729,10,Samosa (2pcs)
RST00638,Emirati Table Jumeirah Village Triangle,Arabic,Dubai,Jumeirah Village Triangle,371,52,14.02,42.68,135.89,0.406,0.574,10,Dates & Karak
RST00643,Jollibee Express Karama,Filipino,Dubai,Karama,395,28,7.09,43.94,49.45,0.324,0.941,10,Crispy Pata
RST00645,Vesuvio Kitchen Al Nahda,Italian,Sharjah,Al Nahda,371,36,9.7,44.28,68.88,0.347,0.856,10,Risotto ai Funghi
RST00646,Punjab Grill JLT,Indian,Dubai,JLT,384,42,10.94,43.32,120.23,0.35,0.852,10,Mango Lassi
RST00668,Liberty Grill Downtown,American,Dubai,Downtown,398,32,8.04,42.41,257.58,0.342,0.853,10,BBQ Chicken Wings
RST00679,Pampanga Kitchen Marina,Filipino,Dubai,Marina,397,44,11.08,45.84,196.85,0.414,0.635,10,Sinigang na Baboy
RST00680,Pizza Express Dubai Garhoud,Italian,Dubai,Garhoud,367,37,10.08,43.94,149.85,0.329,0.934,10,Caprese Salad
RST00691,Manila Garden Al Reef,Filipino,Abu Dhabi,Al Reef,399,46,11.53,43.1,49.24,0.346,0.844,10,Sisig Rice Bowl
RST00712,Karachi Darbar Hamdan Street,Pakistani,Abu Dhabi,Hamdan Street,366,46,12.57,41.98,101.57,0.345,0.799,10,Nihari
RST00722,Ihaw Ihaw Al Barsha,Filipino,Dubai,Al Barsha,374,28,7.49,42.56,100.27,0.331,0.893,10,Sisig Rice Bowl
RST00727,Delhi Darbar DIFC,Indian,Dubai,DIFC,402,39,9.7,42.7,243.37,0.389,0.674,10,Chicken Biryani
RST00746,Bella Napoli JLT,Italian,Dubai,JLT,382,41,10.73,42.18,138.72,0.327,0.914,10,Bruschetta
RST00749,Mumbai Street Food Al Majaz,Indian,Sharjah,Al Majaz,377,37,9.81,43.19,57.58,0.337,0.847,10,Chicken Biryani
RST00752,Khaleeji Bites Masdar City,Arabic,Abu Dhabi,Masdar City,389,48,12.34,43.98,132.62,0.39,0.682,10,Mixed Grill
RST00755,Bollywood Bites Business Bay,Indian,Dubai,Business Bay,361,33,9.14,43.14,110.48,0.363,0.767,10,Chicken Tikka Masala
RST00757,Babel Beirut Garhoud,Lebanese,Dubai,Garhoud,399,45,11.28,41.93,116.03,0.412,0.598,10,Lamb Kibbeh
RST00764,Al Hamra Pakistani Al Majaz,Pakistani,Sharjah,Al Majaz,345,28,8.12,43.12,50.17,0.331,0.914,10,Haleem
RST00770,Shawarma Station Arabian Ranches,Arabic,Dubai,Arabian Ranches,389,39,10.03,44.29,128.73,0.369,0.771,10,Machboos
RST00780,Delhi Darbar Al Nahda,Indian,Sharjah,Al Nahda,375,37,9.87,42.74,59.08,0.322,0.905,10,Butter Chicken
RST00785,Haleem Express Sports City,Pakistani,Dubai,Sports City,390,35,8.97,43.95,104.52,0.351,0.812,10,Chapli Kebab
RST00792,Shawarma Station Yas Island,Arabic,Abu Dhabi,Yas Island,411,44,10.71,43.49,294.93,0.365,0.759,10,Mixed Grill
RST00810,Tawlet Al Majaz,Lebanese,Sharjah,Al Majaz,399,28,7.02,44.3,58.38,0.314,0.971,10,Chicken Tawook
RST00816,Maharaja Palace Jumeirah Village Circle,Indian,Dubai,Jumeirah Village Circle,324,44,13.58,42.89,119.32,0.458,0.382,10,Chicken Tikka Masala
RST00828,Bedouin Kitchen Al Nahda,Arabic,Sharjah,Al Nahda,351,54,15.38,43.07,64.72,0.41,0.586,10,Kabsa
RST00838,Liberty Grill Oud Metha,American,Dubai,Oud Metha,377,47,12.47,42.91,120.05,0.438,0.461,10,Crispy Chicken Sandwich
RST00859,Nashville Hot DIFC,American,Dubai,DIFC,369,41,11.11,43.24,274.71,0.456,0.445,10,Onion Rings
RST00860,Golden Dragon Al Nuaimiya,Chinese,Ajman,Al Nuaimiya,407,55,13.51,42.95,55.56,0.4,0.598,10,Sweet & Sour Pork
RST00864,Maharaja Palace Sports City,Indian,Dubai,Sports City,376,48,12.77,44.14,114.08,0.405,0.608,10,Palak Paneer
RST00870,Namaste Kitchen Al Nahda,Indian,Sharjah,Al Nahda,392,40,10.2,41.43,58.48,0.357,0.763,10,Garlic Naan
RST00874,Shake Shack Express Downtown,American,Dubai,Downtown,390,39,10.0,42.89,267.67,0.343,0.844,10,Classic Smash Burger
RST00877,Wok to Walk Downtown,Chinese,Dubai,Downtown,370,49,13.24,41.34,231.41,0.409,0.597,10,Steamed Dumplings
RST00884,All American Diner Al Nahda,American,Sharjah,Al Nahda,398,46,11.56,42.44,59.0,0.387,0.675,10,Classic Smash Burger
RST00889,Karachi Darbar Jumeirah Village Triangle,Pakistani,Dubai,Jumeirah Village Triangle,417,28,6.71,43.49,103.84,0.336,0.903,10,Chapli Kebab
RST00892,Masala Junction Discovery Gardens,Indian,Dubai,Discovery Gardens,377,40,10.61,41.73,58.65,0.407,0.539,10,Butter Chicken
RST00903,BBQ Smokehouse Downtown,American,Dubai,Downtown,394,32,8.12,42.14,266.51,0.323,0.917,10,Mac & Cheese
RST00918,Desi Zaika Muwaileh,Pakistani,Sharjah,Muwaileh,398,38,9.55,43.89,49.69,0.349,0.829,10,Mutton Biryani
RST00928,Patty Perfect Al Quoz,American,Dubai,Al Quoz,388,46,11.86,42.59,63.09,0.401,0.643,10,BBQ Chicken Wings
RST00933,Karachi Darbar Khalifa City,Pakistani,Abu Dhabi,Khalifa City,381,31,8.14,43.14,106.26,0.344,0.847,10,Seekh Kebab
RST00934,Katsu Corner DIFC,Japanese,Dubai,DIFC,385,38,9.87,43.31,370.4,0.366,0.791,10,Teriyaki Chicken Bowl
RST00935,Babel Beirut DIFC,Lebanese,Dubai,DIFC,361,42,11.63,42.22,242.09,0.373,0.743,10,Warak Dawali
RST00941,The Wing Co Bur Dubai,American,Dubai,Bur Dubai,399,31,7.77,42.26,64.8,0.372,0.758,10,Mac & Cheese
RST00951,Nihari House Al Rashidiya,Pakistani,Ajman,Al Rashidiya,384,47,12.24,41.37,49.86,0.362,0.75,10,Chapli Kebab
RST00958,Smash & Stack Business Bay,American,Dubai,Business Bay,407,44,10.81,43.72,131.54,0.381,0.678,10,Onion Rings
RST00959,La Cucina Al Barsha,Italian,Dubai,Al Barsha,368,57,15.49,42.13,140.35,0.437,0.462,10,Bruschetta
RST00960,Izakaya House Nad Al Sheba,Japanese,Dubai,Nad Al Sheba,369,47,12.74,43.17,157.3,0.394,0.617,10,Salmon Sushi Roll
RST00963,Pinoy Kitchen Al Mushrif,Filipino,Abu Dhabi,Al Mushrif,403,47,11.66,44.08,96.66,0.367,0.792,10,Chicken Adobo
RST00964,BBQ Smokehouse Arabian Ranches,American,Dubai,Arabian Ranches,390,54,13.85,43.88,124.27,0.37,0.741,10,Crispy Chicken Sandwich
RST00975,Al Safadi DIFC,Arabic,Dubai,DIFC,426,40,9.39,42.39,298.55,0.346,0.867,10,Chicken Shawarma
RST00977,Patty Perfect Hamdan Street,American,Abu Dhabi,Hamdan Street,344,38,11.05,42.41,119.77,0.362,0.779,10,Crispy Chicken Sandwich
RST00979,Sashimi Bar DIFC,Japanese,Dubai,DIFC,362,38,10.5,44.82,354.37,0.326,0.892,10,Edamame
RST00980,Babel Beirut Deira,Lebanese,Dubai,Deira,383,32,8.36,43.42,57.68,0.323,0.962,10,Chicken Tawook
RST00985,Cedar Tree Mohammed Bin Zayed City,Lebanese,Abu Dhabi,Mohammed Bin Zayed City,370,51,13.78,41.87,54.78,0.398,0.624,10,Knafeh
RST00990,Pampanga Kitchen Arabian Ranches,Filipino,Dubai,Arabian Ranches,388,33,8.51,44.58,98.26,0.386,0.724,10,Pancit Canton
RST00994,Desi Zaika Palm Jumeirah,Pakistani,Dubai,Palm Jumeirah,377,46,12.2,43.55,220.03,0.367,0.748,10,Sheer Khurma
RST01024,The Wing Co Jumeirah,American,Dubai,Jumeirah,354,36,10.17,41.38,126.17,0.336,0.86,10,Mac & Cheese
RST01031,Lotus Thai Al Majaz,Thai,Sharjah,Al Majaz,380,26,6.84,41.26,53.66,0.333,0.864,5,Mango Sticky Rice
RST01032,Bella Napoli Al Taawun,Italian,Sharjah,Al Taawun,383,36,9.4,44.19,67.58,0.36,0.804,10,Risotto ai Funghi
RST01036,Peshawar Wala Business Bay,Pakistani,Dubai,Business Bay,359,51,14.21,43.39,104.59,0.38,0.685,10,Haleem
RST01054,Zaatar w Zeit Yas Island,Lebanese,Abu Dhabi,Yas Island,384,52,13.54,42.31,238.5,0.399,0.639,10,Knafeh
RST01058,Emirati Table Deira,Arabic,Dubai,Deira,383,35,9.14,41.66,64.23,0.356,0.777,10,Mixed Grill
RST01059,Chai & Spice Marina,Indian,Dubai,Marina,373,45,12.06,44.59,231.34,0.391,0.673,10,Dal Makhani
RST01061,Byblos on the Sea Palm Jumeirah,Lebanese,Dubai,Palm Jumeirah,375,50,13.33,43.5,239.53,0.388,0.646,10,Kafta Wrap
RST01072,Fattoush Kitchen Jumeirah Village Circle,Lebanese,Dubai,Jumeirah Village Circle,396,48,12.12,43.24,120.51,0.372,0.732,10,Fattoush Salad
RST01073,Sisig Station Al Nuaimiya,Filipino,Ajman,Al Nuaimiya,363,44,12.12,43.46,50.21,0.45,0.441,10,Chicken Adobo
RST01076,Trattoria Roma Al Quoz,Italian,Dubai,Al Quoz,341,32,9.38,44.26,68.75,0.343,0.872,10,Cannoli Siciliani
RST01083,Yakitori Yoshi Marina,Japanese,Dubai,Marina,384,30,7.81,43.45,346.05,0.342,0.88,10,Matcha Ice Cream
RST01085,Cedar Tree Yas Island,Lebanese,Abu Dhabi,Yas Island,368,27,7.34,43.22,257.57,0.344,0.874,10,Knafeh
RST01087,Sashimi Bar Bur Dubai,Japanese,Dubai,Bur Dubai,414,52,12.56,44.38,76.25,0.363,0.737,10,Teriyaki Chicken Bowl
RST01109,Amalfi Table Karama,Italian,Dubai,Karama,375,63,16.8,43.17,71.13,0.404,0.629,10,Risotto ai Funghi
RST01118,Royal Biryani House Al Karamah,Indian,Abu Dhabi,Al Karamah,382,33,8.64,43.52,125.24,0.371,0.737,10,Gulab Jamun
RST01127,Sisig Station Karama,Filipino,Dubai,Karama,383,43,11.23,43.24,49.54,0.376,0.717,10,Halo Halo
RST01134,Lucky Wok Jumeirah Village Circle,Chinese,Dubai,Jumeirah Village Circle,414,61,14.73,41.06,109.14,0.441,0.447,10,Spring Rolls (4pcs)
RST01141,Saffron Table DIFC,Indian,Dubai,DIFC,350,43,12.29,43.11,240.15,0.395,0.651,10,Samosa (2pcs)
RST01143,Namaste Kitchen Oud Metha,Indian,Dubai,Oud Metha,407,31,7.62,42.42,115.94,0.336,0.888,10,Gulab Jamun
RST01158,Shawarma Station Dubai South,Arabic,Dubai,Dubai South,398,37,9.3,42.17,63.41,0.375,0.669,10,Machboos
RST01161,Mumbai Street Food Muwaileh,Indian,Sharjah,Muwaileh,343,31,9.04,43.27,57.86,0.341,0.855,10,Garlic Naan
RST01171,Namaste Kitchen Business Bay,Indian,Dubai,Business Bay,357,42,11.76,43.21,116.18,0.365,0.772,10,Lamb Rogan Josh
RST01184,Babel Beirut Garhoud,Lebanese,Dubai,Garhoud,395,39,9.87,43.61,110.9,0.36,0.774,10,Shanklish Salad
RST01191,Golden Curry Al Taawun,Indian,Sharjah,Al Taawun,370,31,8.38,40.02,55.69,0.319,0.898,10,Chicken Tikka Masala
RST01199,Tagalog Tastes Business Bay,Filipino,Dubai,Business Bay,407,55,13.51,41.95,94.25,0.382,0.709,10,Crispy Pata
RST01210,Five Guys Kitchen Al Nuaimiya,American,Ajman,Al Nuaimiya,386,39,10.1,43.79,64.68,0.359,0.798,10,Philly Cheesesteak
RST01212,Delhi Darbar Saadiyat Island,Indian,Abu Dhabi,Saadiyat Island,363,35,9.64,43.45,241.23,0.329,0.912,10,Samosa (2pcs)
RST01216,Masala Junction Business Bay,Indian,Dubai,Business Bay,404,36,8.91,42.01,111.91,0.368,0.752,10,Gulab Jamun
RST01225,Pampanga Kitchen Al Mushrif,Filipino,Abu Dhabi,Al Mushrif,432,40,9.26,43.03,100.7,0.361,0.741,10,Chicken Adobo
RST01229,Lucky Wok Festival City,Chinese,Dubai,Festival City,408,30,7.35,40.9,253.35,0.346,0.859,10,Kung Pao Chicken
RST01232,Five Guys Kitchen Jumeirah,American,Dubai,Jumeirah,396,52,13.13,43.51,120.71,0.418,0.518,10,Philly Cheesesteak
RST01238,Nobu Express Al Barsha,Japanese,Dubai,Al Barsha,371,30,8.09,42.92,152.64,0.332,0.897,10,Chicken Katsu Curry
RST01241,Pasta Fresca Downtown,Italian,Dubai,Downtown,405,57,14.07,42.52,327.21,0.433,0.514,10,Penne Arrabbiata
RST01247,Lucky Wok Jumeirah Village Circle,Chinese,Dubai,Jumeirah Village Circle,386,43,11.14,43.72,107.15,0.368,0.784,10,Dim Sum Basket
RST01258,Pinoy Kitchen Sports City,Filipino,Dubai,Sports City,378,68,17.99,42.45,93.65,0.455,0.436,10,Lechon Kawali
RST01260,Beirut Express Khalidiyah,Lebanese,Abu Dhabi,Khalidiyah,384,36,9.38,44.67,120.95,0.342,0.876,10,Mezze Platter
RST01263,Sarap Dito Palm Jumeirah,Filipino,Dubai,Palm Jumeirah,370,48,12.97,43.98,196.19,0.393,0.693,10,Kare Kare
RST01267,Trattoria Roma Al Taawun,Italian,Sharjah,Al Taawun,381,34,8.92,43.65,67.94,0.34,0.864,10,Margherita Pizza
RST01269,Maharaja Palace Al Reem Island,Indian,Abu Dhabi,Al Reem Island,360,58,16.11,42.25,111.12,0.415,0.556,10,Dal Makhani
RST01296,Edo Japanese Jumeirah Village Circle,Japanese,Dubai,Jumeirah Village Circle,394,59,14.97,43.38,154.64,0.446,0.465,10,Matcha Ice Cream
RST01307,Zaatar w Zeit Al Majaz,Lebanese,Sharjah,Al Majaz,428,46,10.75,43.34,59.64,0.406,0.587,10,Warak Dawali
RST01310,Smash & Stack Silicon Oasis,American,Dubai,Silicon Oasis,385,57,14.81,42.26,60.92,0.454,0.412,10,Chocolate Milkshake
RST01317,Colombo Kitchen Al Karamah,Sri Lankan,Abu Dhabi,Al Karamah,388,26,6.7,43.44,92.06,0.332,0.892,3,Kottu Roti
RST01319,Amalfi Table Mohammed Bin Zayed City,Italian,Abu Dhabi,Mohammed Bin Zayed City,388,26,6.7,43.26,69.55,0.373,0.719,10,Penne Arrabbiata
RST01328,Amalfi Table Khalidiyah,Italian,Abu Dhabi,Khalidiyah,378,47,12.43,43.52,150.34,0.392,0.647,10,Margherita Pizza
RST01338,Colombo Kitchen Al Nahda,Sri Lankan,Sharjah,Al Nahda,420,50,11.9,44.7,47.3,0.36,0.789,3,Kottu Roti
RST01353,Golden Dragon Bur Dubai,Chinese,Dubai,Bur Dubai,381,37,9.71,43.23,56.42,0.351,0.824,10,Wonton Soup
RST01355,Babel Beirut Garhoud,Lebanese,Dubai,Garhoud,397,29,7.3,42.25,115.75,0.324,0.909,10,Knafeh
RST01359,Tandoor House Silicon Oasis,Indian,Dubai,Silicon Oasis,368,28,7.61,43.57,56.39,0.321,0.962,10,Samosa (2pcs)
RST01373,Shake Shack Express Al Nuaimiya,American,Ajman,Al Nuaimiya,374,25,6.68,43.17,63.56,0.359,0.815,10,Beef Hot Dog
RST01376,All American Diner Bur Dubai,American,Dubai,Bur Dubai,406,51,12.56,43.18,60.55,0.384,0.685,10,Chocolate Milkshake
RST01387,Shake Shack Express Jumeirah,American,Dubai,Jumeirah,367,53,14.44,41.71,125.29,0.429,0.521,10,Loaded Fries
RST01404,Tokyo Kitchen Oud Metha,Japanese,Dubai,Oud Metha,358,52,14.53,43.29,151.38,0.438,0.498,10,Beef Gyoza (6pcs)
RST01430,Suhoor Lounge Business Bay,Arabic,Dubai,Business Bay,375,34,9.07,42.82,130.55,0.363,0.789,10,Kabsa
RST01436,Wok to Walk Muwaileh,Chinese,Sharjah,Muwaileh,362,33,9.12,41.57,54.33,0.338,0.839,10,Steamed Dumplings
RST01437,Haleem Express Downtown,Pakistani,Dubai,Downtown,407,35,8.6,43.76,227.19,0.351,0.798,10,Paya Soup
RST01447,Nihari House Saadiyat Island,Pakistani,Abu Dhabi,Saadiyat Island,401,56,13.97,42.87,215.94,0.406,0.6,10,Aloo Gosht
RST01448,Bombay Kitchen Bur Dubai,Indian,Dubai,Bur Dubai,380,52,13.68,42.5,57.94,0.363,0.791,10,Palak Paneer
RST01451,Katsu Corner Al Rashidiya,Japanese,Ajman,Al Rashidiya,399,44,11.03,43.55,78.28,0.341,0.893,10,Beef Gyoza (6pcs)
RST01454,BBQ Tonight Al Rashidiya,Pakistani,Ajman,Al Rashidiya,374,37,9.89,42.07,53.43,0.328,0.929,10,Mutton Biryani
RST01485,Peking House Al Taawun,Chinese,Sharjah,Al Taawun,408,45,11.03,43.87,54.92,0.338,0.865,10,Sweet & Sour Pork
RST01494,Jollibee Express Al Taawun,Filipino,Sharjah,Al Taawun,387,33,8.53,42.53,47.72,0.316,0.939,10,Crispy Pata
RST01502,Punjab Grill Al Barsha,Indian,Dubai,Al Barsha,389,38,9.77,42.41,112.61,0.325,0.933,10,Samosa (2pcs)
RST01508,Al Waha Lebanese Dubai Hills,Lebanese,Dubai,Dubai Hills,353,40,11.33,42.56,236.45,0.405,0.602,10,Mezze Platter
RST01522,Nashville Hot Al Barsha,American,Dubai,Al Barsha,353,44,12.46,42.57,119.56,0.396,0.638,10,Philly Cheesesteak
RST01536,Ihaw Ihaw Discovery Gardens,Filipino,Dubai,Discovery Gardens,377,25,6.63,44.51,51.74,0.343,0.877,10,Halo Halo
RST01549,Sisig Station Arabian Ranches,Filipino,Dubai,Arabian Ranches,416,39,9.38,43.56,99.64,0.356,0.825,10,Crispy Pata
RST01552,Bollywood Bites Al Quoz,Indian,Dubai,Al Quoz,406,47,11.58,40.56,59.47,0.394,0.654,10,Gulab Jamun
RST01562,Punjab Grill Marina,Indian,Dubai,Marina,380,32,8.42,43.59,247.12,0.372,0.745,10,Chicken Biryani
RST01564,Pasta Fresca Al Taawun,Italian,Sharjah,Al Taawun,392,45,11.48,43.33,70.9,0.404,0.628,10,Tiramisu
RST01575,Lahori Chaska Oud Metha,Pakistani,Dubai,Oud Metha,394,29,7.36,42.06,102.45,0.345,0.841,10,Aloo Gosht
RST01581,Dynasty Kitchen Marina,Chinese,Dubai,Marina,394,37,9.39,45.07,250.16,0.377,0.725,10,Spring Rolls (4pcs)
RST01583,Pad Thai House Creek Harbour,Thai,Dubai,Creek Harbour,353,19,5.38,43.55,216.58,0.356,0.798,5,Pad Thai
RST01600,Ihaw Ihaw Jumeirah,Filipino,Dubai,Jumeirah,415,58,13.98,43.09,92.78,0.427,0.569,10,Kare Kare
RST01604,Leila Restaurant Hamdan Street,Lebanese,Abu Dhabi,Hamdan Street,412,36,8.74,43.73,113.96,0.333,0.883,10,Warak Dawali
RST01610,Al Hamra Pakistani Satwa,Pakistani,Dubai,Satwa,380,40,10.53,41.55,51.76,0.391,0.656,10,Daal Chawal
RST01614,Sisig Station Business Bay,Filipino,Dubai,Business Bay,355,34,9.58,41.78,100.32,0.362,0.777,10,Kare Kare
RST01653,Patty Perfect Discovery Gardens,American,Dubai,Discovery Gardens,401,47,11.72,43.42,63.12,0.377,0.745,10,Chocolate Milkshake
RST01669,Khaleeji Bites Khalidiyah,Arabic,Abu Dhabi,Khalidiyah,364,32,8.79,42.21,130.79,0.366,0.735,10,Hummus Platter
RST01677,Taco Loco Corniche,Mexican,Abu Dhabi,Corniche,368,41,11.14,44.68,236.26,0.364,0.794,3,Beef Tacos (3pcs)
RST01679,Green Valley Pakistani Deira,Pakistani,Dubai,Deira,361,44,12.19,42.66,48.26,0.41,0.595,10,Sheer Khurma
RST01695,Jollibee Express Al Majaz,Filipino,Sharjah,Al Majaz,398,45,11.31,44.13,52.93,0.419,0.534,10,Crispy Pata
RST01702,Burger District Al Reem Island,American,Abu Dhabi,Al Reem Island,385,46,11.95,43.73,124.56,0.396,0.647,10,Loaded Fries
RST01713,Peking House Al Rashidiya,Chinese,Ajman,Al Rashidiya,375,43,11.47,42.1,56.18,0.421,0.533,10,Peking Duck Wrap
RST01720,Masala Junction Creek Harbour,Indian,Dubai,Creek Harbour,438,43,9.82,42.54,258.71,0.332,0.879,10,Mango Lassi
RST01727,Liberty Grill Palm Jumeirah,American,Dubai,Palm Jumeirah,394,34,8.63,41.55,253.82,0.364,0.753,10,Onion Rings
RST01755,Dumpling Republic Al Nahda,Chinese,Sharjah,Al Nahda,381,56,14.7,41.26,54.02,0.421,0.508,10,Wonton Soup
RST01785,Lahori Chaska Garhoud,Pakistani,Dubai,Garhoud,400,50,12.5,43.31,100.67,0.397,0.627,10,Haleem
RST01786,Mandi House Creek Harbour,Arabic,Dubai,Creek Harbour,369,33,8.94,40.81,309.24,0.375,0.72,10,Machboos
RST01788,Punjab Grill Deira,Indian,Dubai,Deira,404,45,11.14,41.82,62.56,0.394,0.665,10,Dal Makhani
RST01793,Liberty Grill Palm Jumeirah,American,Dubai,Palm Jumeirah,388,69,17.78,43.07,263.15,0.478,0.325,10,Beef Hot Dog
RST01796,Nobu Express Marina,Japanese,Dubai,Marina,380,27,7.11,42.42,374.51,0.334,0.861,10,Matcha Ice Cream
RST01797,Curry Leaf Khalidiyah,Indian,Abu Dhabi,Khalidiyah,354,55,15.54,43.95,111.79,0.439,0.489,10,Samosa (2pcs)
RST01801,Peshawar Wala Dubai Hills,Pakistani,Dubai,Dubai Hills,416,49,11.78,42.96,238.49,0.384,0.69,10,Mutton Biryani
RST01804,Bedouin Kitchen Al Nahda,Arabic,Sharjah,Al Nahda,388,42,10.82,41.17,63.47,0.351,0.827,10,Kabsa
RST01829,Royal Biryani House Marina,Indian,Dubai,Marina,394,45,11.42,43.04,252.75,0.356,0.794,10,Chicken Tikka Masala
RST01841,Fattoush Kitchen Al Nuaimiya,Lebanese,Ajman,Al Nuaimiya,368,43,11.68,42.02,55.21,0.396,0.66,10,Baba Ghanoush
RST01844,Pizza Express Dubai Jumeirah,Italian,Dubai,Jumeirah,369,49,13.28,43.06,137.16,0.401,0.602,10,Cannoli Siciliani
RST01864,Chai & Spice Mohammed Bin Zayed City,Indian,Abu Dhabi,Mohammed Bin Zayed City,363,38,10.47,43.54,56.91,0.401,0.647,10,Garlic Naan
RST01872,Sakura Sushi Al Nahda Dubai,Japanese,Dubai,Al Nahda Dubai,384,53,13.8,43.29,79.12,0.404,0.633,10,Miso Soup
RST01877,Punjab Grill Al Taawun,Indian,Sharjah,Al Taawun,360,36,10.0,42.01,58.2,0.391,0.696,10,Samosa (2pcs)
RST01901,Bella Napoli Mirdif,Italian,Dubai,Mirdif,411,49,11.92,42.56,138.52,0.339,0.866,10,Caprese Salad
RST01912,Pad Thai House Al Furjan,Thai,Dubai,Al Furjan,376,60,15.96,40.72,104.27,0.437,0.454,5,Tom Yum Soup
RST01916,Desi Zaika Mohammed Bin Zayed City,Pakistani,Abu Dhabi,Mohammed Bin Zayed City,402,51,12.69,42.6,54.6,0.361,0.73,10,Aloo Gosht
RST01925,Chao Fan Express Motor City,Chinese,Dubai,Motor City,399,28,7.02,41.25,115.47,0.318,0.921,10,Mapo Tofu
RST01926,Suhoor Lounge Al Taawun,Arabic,Sharjah,Al Taawun,355,37,10.42,42.42,64.85,0.342,0.828,10,Jareesh
RST01943,Bedouin Kitchen Festival City,Arabic,Dubai,Festival City,365,38,10.41,43.33,283.45,0.373,0.768,10,Falafel Wrap
RST01954,Al Fanar Dubai South,Arabic,Dubai,Dubai South,388,36,9.28,42.06,59.87,0.346,0.832,10,Lamb Mandi
RST01955,Adobo House Muwaileh,Filipino,Sharjah,Muwaileh,418,56,13.4,41.56,51.15,0.438,0.436,10,Lechon Kawali
RST01957,Dim Sum Palace Al Nahda,Chinese,Sharjah,Al Nahda,384,40,10.42,41.37,54.51,0.372,0.754,10,Dim Sum Basket
RST01959,Khaleeji Bites Business Bay,Arabic,Dubai,Business Bay,370,42,11.35,44.72,131.38,0.421,0.531,10,Kabsa
RST01967,Punjab Grill Al Barsha,Indian,Dubai,Al Barsha,414,66,15.94,42.38,115.58,0.45,0.416,10,Chicken Tikka Masala
RST01970,Al Dawaar Grill Muwaileh,Arabic,Sharjah,Muwaileh,381,45,11.81,44.12,64.47,0.408,0.634,10,Dates & Karak
RST01980,Golden Curry Marina,Indian,Dubai,Marina,390,45,11.54,43.69,248.55,0.394,0.667,10,Dal Makhani
RST01983,Punjab Grill Al Nuaimiya,Indian,Ajman,Al Nuaimiya,389,39,10.03,43.24,55.31,0.379,0.701,10,Garlic Naan
RST01990,Peshawar Wala Al Nahda,Pakistani,Sharjah,Al Nahda,371,40,10.78,42.07,51.56,0.358,0.784,10,Paya Soup
RST01998,Beirut Express Al Mushrif,Lebanese,Abu Dhabi,Al Mushrif,356,27,7.58,43.28,115.45,0.337,0.904,10,Knafeh
RST01999,Izakaya House Palm Jumeirah,Japanese,Dubai,Palm Jumeirah,351,44,12.54,43.16,359.76,0.41,0.58,10,Miso Soup
RST00004,Curry Leaf Arabian Ranches,Indian,Dubai,Arabian Ranches,410,59,14.39,45.27,115.69,0.437,0.509,10,Palak Paneer
RST00006,Delhi Darbar Al Shamkha,Indian,Abu Dhabi,Al Shamkha,378,36,9.52,43.29,58.02,0.33,0.912,10,Chicken Tikka Masala
RST00017,Islamabad Grill Business Bay,Pakistani,Dubai,Business Bay,359,47,13.09,41.62,109.3,0.388,0.664,10,Paya Soup
RST00019,Suhoor Lounge Karama,Arabic,Dubai,Karama,369,50,13.55,44.02,64.06,0.367,0.714,10,Jareesh
RST00028,Bangkok Bites Al Reef,Thai,Abu Dhabi,Al Reef,420,70,16.67,43.37,51.58,0.442,0.448,5,Green Curry Chicken
RST00029,Masala Junction Downtown,Indian,Dubai,Downtown,415,53,12.77,44.85,253.97,0.449,0.443,10,Mango Lassi
RST00030,Saffron Table JLT,Indian,Dubai,JLT,366,52,14.21,44.81,108.09,0.435,0.512,10,Chicken Tikka Masala
RST00038,Maharaja Palace Deira,Indian,Dubai,Deira,417,47,11.27,41.32,56.77,0.354,0.79,10,Dal Makhani
RST00045,Ramen Republic Al Muroor,Japanese,Abu Dhabi,Al Muroor,415,41,9.88,42.0,73.33,0.344,0.806,10,Chicken Katsu Curry
RST00052,Bella Napoli Silicon Oasis,Italian,Dubai,Silicon Oasis,404,43,10.64,42.31,68.92,0.397,0.648,10,Caprese Salad
RST00053,Dynasty Kitchen Al Muroor,Chinese,Abu Dhabi,Al Muroor,424,56,13.21,43.06,57.18,0.385,0.704,10,Spring Rolls (4pcs)
RST00062,Katsu Corner Deira,Japanese,Dubai,Deira,370,25,6.76,42.54,78.92,0.314,0.988,10,Tonkotsu Ramen
RST00069,Babel Beirut DIFC,Lebanese,Dubai,DIFC,369,34,9.21,43.74,238.56,0.395,0.712,10,Chicken Tawook
RST00084,Sarap Dito Jumeirah,Filipino,Dubai,Jumeirah,353,45,12.75,43.42,94.33,0.436,0.488,10,Halo Halo
RST00087,Leila Restaurant Al Jurf,Lebanese,Ajman,Al Jurf,359,37,10.31,42.0,62.02,0.393,0.691,10,Manakeesh Zaatar
RST00092,Chai & Spice Creek Harbour,Indian,Dubai,Creek Harbour,401,41,10.22,42.47,243.58,0.38,0.716,10,Lamb Rogan Josh
RST00109,Sawadee Kitchen Saadiyat Island,Thai,Abu Dhabi,Saadiyat Island,405,38,9.38,43.5,219.95,0.357,0.781,5,Pad Thai
RST00115,Royal Biryani House Jumeirah Village Triangle,Indian,Dubai,Jumeirah Village Triangle,377,53,14.06,43.47,108.36,0.433,0.497,10,Chicken Biryani
RST00118,Wasabi Kitchen Silicon Oasis,Japanese,Dubai,Silicon Oasis,396,66,16.67,41.82,73.79,0.43,0.459,10,Salmon Sushi Roll
RST00120,Tandoor House Al Nahda Dubai,Indian,Dubai,Al Nahda Dubai,354,37,10.45,42.24,57.54,0.379,0.738,10,Mango Lassi
RST00124,Nonna Rosa Business Bay,Italian,Dubai,Business Bay,407,45,11.06,44.36,137.36,0.358,0.828,10,Margherita Pizza
RST00129,Babel Beirut Al Taawun,Lebanese,Sharjah,Al Taawun,363,32,8.82,42.59,58.61,0.325,0.911,10,Lamb Kibbeh
RST00143,Al Fanar Al Reem Island,Arabic,Abu Dhabi,Al Reem Island,405,38,9.38,43.77,127.25,0.379,0.73,10,Falafel Wrap
RST00154,Masala Junction Al Barsha,Indian,Dubai,Al Barsha,361,27,7.48,41.78,118.35,0.33,0.898,10,Garlic Naan
RST00158,Peking House Al Rashidiya,Chinese,Ajman,Al Rashidiya,398,39,9.8,43.11,53.82,0.379,0.746,10,Spring Rolls (4pcs)
RST00175,Shawarma Station Muwaileh,Arabic,Sharjah,Muwaileh,363,48,13.22,42.39,62.7,0.404,0.578,10,Hummus Platter
RST00177,Spice Route Bur Dubai,Indian,Dubai,Bur Dubai,413,28,6.78,42.08,55.24,0.322,0.93,10,Samosa (2pcs)
RST00178,Dim Sum Palace JLT,Chinese,Dubai,JLT,374,34,9.09,42.61,111.26,0.325,0.9,10,Kung Pao Chicken
RST00182,Spice Route Jumeirah,Indian,Dubai,Jumeirah,376,59,15.69,43.28,113.54,0.464,0.403,10,Garlic Naan
RST00247,Arabian Nights Kitchen Shahama,Arabic,Abu Dhabi,Shahama,375,60,16.0,44.04,59.93,0.419,0.606,10,Dates & Karak
RST00258,Mumbai Street Food Downtown,Indian,Dubai,Downtown,406,45,11.08,45.04,240.45,0.368,0.765,10,Garlic Naan
RST00301,Tandoor House DIFC,Indian,Dubai,DIFC,379,39,10.29,42.48,258.39,0.345,0.861,10,Mango Lassi
RST00324,Emirati Table Sports City,Arabic,Dubai,Sports City,391,36,9.21,41.77,129.35,0.357,0.787,10,Dates & Karak
RST00326,Saffron Table Khalifa City,Indian,Abu Dhabi,Khalifa City,353,26,7.37,42.4,116.12,0.313,0.962,10,Chicken Biryani
RST00333,Patty Perfect Palm Jumeirah,American,Dubai,Palm Jumeirah,391,60,15.35,43.29,246.9,0.421,0.55,10,Mac & Cheese
RST00351,Nihari House Discovery Gardens,Pakistani,Dubai,Discovery Gardens,430,54,12.56,42.96,51.86,0.44,0.451,10,Chapli Kebab
RST00397,Mumbai Street Food Al Nahda,Indian,Sharjah,Al Nahda,368,30,8.15,42.98,57.75,0.328,0.909,10,Gulab Jamun
RST00421,Burger District Discovery Gardens,American,Dubai,Discovery Gardens,365,38,10.41,44.77,63.11,0.351,0.802,10,BBQ Chicken Wings
RST00428,BBQ Tonight Al Nahda Dubai,Pakistani,Dubai,Al Nahda Dubai,385,42,10.91,45.01,50.89,0.387,0.699,10,Mutton Biryani
RST00448,Golden Curry Muwaileh,Indian,Sharjah,Muwaileh,397,41,10.33,43.4,57.66,0.342,0.848,10,Samosa (2pcs)
RST00453,Tawlet Al Furjan,Lebanese,Dubai,Al Furjan,384,41,10.68,42.66,112.66,0.401,0.636,10,Manakeesh Zaatar
RST00462,Wok to Walk Jumeirah,Chinese,Dubai,Jumeirah,402,50,12.44,43.17,106.25,0.39,0.62,10,Sweet & Sour Pork
RST00463,Sawadee Kitchen Marina,Thai,Dubai,Marina,379,41,10.82,44.51,212.44,0.357,0.815,5,Green Curry Chicken
RST00465,Pinoy Kitchen Al Nuaimiya,Filipino,Ajman,Al Nuaimiya,352,60,17.05,42.2,50.45,0.491,0.24,10,Crispy Pata
RST00470,Namaste Kitchen Downtown,Indian,Dubai,Downtown,356,41,11.52,42.13,256.77,0.439,0.459,10,Dal Makhani
RST00478,Smash & Stack Mirdif,American,Dubai,Mirdif,387,42,10.85,43.12,123.44,0.344,0.859,10,Classic Smash Burger
RST00483,Tagalog Tastes Satwa,Filipino,Dubai,Satwa,398,60,15.08,44.58,50.03,0.422,0.565,10,Sisig Rice Bowl
RST00494,Saffron Table Al Majaz,Indian,Sharjah,Al Majaz,360,31,8.61,41.43,56.7,0.363,0.739,10,Gulab Jamun
RST00495,Vesuvio Kitchen Al Rashidiya,Italian,Ajman,Al Rashidiya,384,58,15.1,43.1,74.11,0.438,0.45,10,Margherita Pizza
RST00505,Leila Restaurant DIFC,Lebanese,Dubai,DIFC,384,30,7.81,43.84,248.32,0.329,0.891,10,Warak Dawali
RST00510,Bedouin Kitchen JLT,Arabic,Dubai,JLT,398,51,12.81,42.76,125.84,0.416,0.574,10,Jareesh
RST00512,Mumbai Street Food Deira,Indian,Dubai,Deira,385,30,7.79,43.31,59.65,0.354,0.825,10,Chicken Tikka Masala
RST00521,Dim Sum Palace Downtown,Chinese,Dubai,Downtown,376,45,11.97,43.69,230.22,0.401,0.689,10,Spring Rolls (4pcs)
RST00531,Lutong Bahay DIFC,Filipino,Dubai,DIFC,410,58,14.15,44.34,198.16,0.418,0.553,10,Sinigang na Baboy
RST00541,Maharaja Palace Hamdan Street,Indian,Abu Dhabi,Hamdan Street,374,46,12.3,43.21,113.88,0.407,0.614,10,Garlic Naan
RST00547,Maharaja Palace Oud Metha,Indian,Dubai,Oud Metha,387,53,13.7,42.36,114.74,0.454,0.408,10,Chicken Tikka Masala
RST00558,Bedouin Kitchen Mirdif,Arabic,Dubai,Mirdif,383,43,11.23,43.61,128.23,0.367,0.77,10,Falafel Wrap
RST00563,Fattoush Kitchen JLT,Lebanese,Dubai,JLT,358,37,10.34,42.68,119.45,0.342,0.844,10,Fattoush Salad
RST00577,Smash & Stack Al Shamkha,American,Abu Dhabi,Al Shamkha,381,36,9.45,41.42,61.67,0.394,0.621,10,Crispy Chicken Sandwich
RST00598,Fattoush Kitchen Marina,Lebanese,Dubai,Marina,333,47,14.11,45.25,246.87,0.491,0.287,10,Baba Ghanoush
RST00602,Emirati Table Al Jurf,Arabic,Ajman,Al Jurf,376,42,11.17,43.6,62.92,0.385,0.684,10,Kabsa
RST00610,Dynasty Kitchen Downtown,Chinese,Dubai,Downtown,417,67,16.07,41.24,232.47,0.445,0.438,10,Fried Rice Special
RST00613,Tandoor House Business Bay,Indian,Dubai,Business Bay,366,33,9.02,43.84,113.56,0.377,0.73,10,Palak Paneer
RST00615,Al Dawaar Grill Al Rashidiya,Arabic,Ajman,Al Rashidiya,393,49,12.47,43.4,65.72,0.44,0.438,10,Grilled Hammour
RST00623,Yakitori Yoshi Al Taawun,Japanese,Sharjah,Al Taawun,369,36,9.76,43.86,76.5,0.315,0.965,10,Miso Soup
RST00630,Curry Leaf Palm Jumeirah,Indian,Dubai,Palm Jumeirah,355,36,10.14,42.12,252.73,0.368,0.768,10,Mango Lassi
RST00664,Nashville Hot Business Bay,American,Dubai,Business Bay,405,42,10.37,41.87,116.06,0.356,0.777,10,Nashville Hot Tenders
RST00672,Tandoor House Dubai Hills,Indian,Dubai,Dubai Hills,386,58,15.03,43.57,255.39,0.442,0.402,10,Dal Makhani
RST00676,Beirut Express Al Barsha,Lebanese,Dubai,Al Barsha,377,38,10.08,43.43,114.71,0.344,0.825,10,Mezze Platter
RST00681,Suhoor Lounge Oud Metha,Arabic,Dubai,Oud Metha,379,47,12.4,43.32,126.63,0.327,0.961,10,Kabsa
RST00689,Arabian Nights Kitchen Arabian Ranches,Arabic,Dubai,Arabian Ranches,371,54,14.56,42.17,128.17,0.422,0.55,10,Lamb Mandi
RST00690,Lucky Wok Al Quoz,Chinese,Dubai,Al Quoz,405,49,12.1,42.04,53.99,0.41,0.57,10,Peking Duck Wrap
RST00697,Desi Zaika Muwaileh,Pakistani,Sharjah,Muwaileh,400,76,19.0,44.35,52.23,0.472,0.338,10,Aloo Gosht
RST00700,Sashimi Bar Al Nahda,Japanese,Sharjah,Al Nahda,347,55,15.85,42.95,78.79,0.475,0.377,10,Chicken Katsu Curry
RST00702,Pasta Fresca Al Majaz,Italian,Sharjah,Al Majaz,370,47,12.7,41.37,72.7,0.395,0.613,10,Caprese Salad
RST00714,Chao Fan Express Dubai South,Chinese,Dubai,Dubai South,392,45,11.48,42.3,52.9,0.386,0.662,10,Spring Rolls (4pcs)
RST00715,Spice Route Electra Street,Indian,Abu Dhabi,Electra Street,377,38,10.08,43.19,114.71,0.415,0.571,10,Palak Paneer
RST00723,Khaleeji Bites Shahama,Arabic,Abu Dhabi,Shahama,384,47,12.24,42.31,64.34,0.406,0.618,10,Hummus Platter
RST00726,Sarap Dito Muwaileh,Filipino,Sharjah,Muwaileh,380,53,13.95,44.31,50.98,0.455,0.427,10,Kare Kare
RST00732,Saffron Table Hamdan Street,Indian,Abu Dhabi,Hamdan Street,433,71,16.4,42.47,117.29,0.457,0.382,10,Chicken Tikka Masala
RST00738,Emirati Table Marina,Arabic,Dubai,Marina,393,61,15.52,41.38,314.15,0.421,0.547,10,Grilled Hammour
RST00743,Peking House Downtown,Chinese,Dubai,Downtown,410,49,11.95,43.18,229.47,0.392,0.626,10,Mapo Tofu
RST00758,Lutong Bahay Business Bay,Filipino,Dubai,Business Bay,390,45,11.54,43.39,99.96,0.342,0.877,10,Crispy Pata
RST00761,Trattoria Roma Jumeirah Village Circle,Italian,Dubai,Jumeirah Village Circle,369,43,11.65,42.84,137.49,0.38,0.675,10,Tiramisu
RST00790,Patty Perfect Satwa,American,Dubai,Satwa,388,49,12.63,42.91,58.34,0.382,0.685,10,Crispy Chicken Sandwich
RST00814,Peshawar Wala Al Majaz,Pakistani,Sharjah,Al Majaz,364,24,6.59,42.19,49.54,0.348,0.844,10,Seekh Kebab
RST00817,Chai & Spice JLT,Indian,Dubai,JLT,376,47,12.5,42.69,114.44,0.397,0.647,10,Dal Makhani
RST00818,Suhoor Lounge Al Khalidiyah,Arabic,Abu Dhabi,Al Khalidiyah,396,69,17.42,42.74,121.57,0.427,0.507,10,Dates & Karak
RST00826,Cedar Tree Business Bay,Lebanese,Dubai,Business Bay,358,47,13.13,40.56,113.45,0.333,0.906,10,Baba Ghanoush
RST00827,Al Dawaar Grill Mohammed Bin Zayed City,Arabic,Abu Dhabi,Mohammed Bin Zayed City,354,42,11.86,41.49,63.8,0.363,0.754,10,Grilled Hammour
RST00829,Liberty Grill Palm Jumeirah,American,Dubai,Palm Jumeirah,394,65,16.5,43.26,254.2,0.475,0.293,10,Nashville Hot Tenders
RST00832,Al Dawaar Grill Marina,Arabic,Dubai,Marina,363,40,11.02,43.44,300.33,0.43,0.501,10,Kabsa
RST00834,Bombay Kitchen Al Majaz,Indian,Sharjah,Al Majaz,380,38,10.0,43.91,58.41,0.39,0.644,10,Dal Makhani
RST00843,Haleem Express Dubai Hills,Pakistani,Dubai,Dubai Hills,390,51,13.08,42.11,228.45,0.408,0.573,10,Karahi Chicken
RST00851,Lutong Bahay Khalifa City,Filipino,Abu Dhabi,Khalifa City,360,40,11.11,44.79,100.1,0.351,0.81,10,Sinigang na Baboy
RST00871,Pinoy Kitchen Jumeirah,Filipino,Dubai,Jumeirah,361,29,8.03,44.19,96.69,0.369,0.775,10,Beef Caldereta
RST00886,Sawadee Kitchen Mohammed Bin Zayed City,Thai,Abu Dhabi,Mohammed Bin Zayed City,367,44,11.99,43.35,52.6,0.342,0.886,5,Tom Yum Soup
RST00899,Namaste Kitchen Al Khalidiyah,Indian,Abu Dhabi,Al Khalidiyah,388,27,6.96,42.71,119.98,0.317,0.945,10,Chicken Tikka Masala
RST00904,Dynasty Kitchen Deira,Chinese,Dubai,Deira,385,38,9.87,43.47,53.17,0.35,0.819,10,Dim Sum Basket
RST00907,Lanka Bites Marina,Sri Lankan,Dubai,Marina,388,44,11.34,43.14,183.68,0.377,0.693,3,Fish Ambul Thiyal
RST00909,Golden Dragon Khalidiyah,Chinese,Abu Dhabi,Khalidiyah,388,44,11.34,44.31,112.72,0.345,0.863,10,Steamed Dumplings
RST00911,Golden Curry Jumeirah,Indian,Dubai,Jumeirah,378,52,13.76,42.26,117.64,0.399,0.612,10,Butter Chicken
RST00917,Royal Biryani House Nad Al Sheba,Indian,Dubai,Nad Al Sheba,391,37,9.46,44.08,109.3,0.351,0.824,10,Mango Lassi
RST00923,Nonna Rosa Al Barsha,Italian,Dubai,Al Barsha,395,42,10.63,42.42,145.16,0.394,0.677,10,Margherita Pizza
RST00925,Five Guys Kitchen Al Rashidiya,American,Ajman,Al Rashidiya,396,50,12.63,42.76,59.93,0.401,0.602,10,Beef Hot Dog
RST00927,Maharaja Palace Al Reem Island,Indian,Abu Dhabi,Al Reem Island,412,41,9.95,44.47,118.13,0.354,0.857,10,Garlic Naan
RST00948,Desi Zaika Creek Harbour,Pakistani,Dubai,Creek Harbour,386,44,11.4,43.16,207.68,0.353,0.812,10,Mutton Biryani
RST00949,Pampanga Kitchen Jumeirah,Filipino,Dubai,Jumeirah,364,45,12.36,43.0,96.42,0.402,0.586,10,Halo Halo
RST00950,Suhoor Lounge DIFC,Arabic,Dubai,DIFC,369,35,9.49,44.03,294.83,0.354,0.821,10,Dates & Karak
RST00955,All American Diner Business Bay,American,Dubai,Business Bay,405,60,14.81,42.84,122.65,0.431,0.488,10,Nashville Hot Tenders
RST00984,Bollywood Bites Tourist Club Area,Indian,Abu Dhabi,Tourist Club Area,386,40,10.36,41.91,112.08,0.334,0.901,10,Palak Paneer
RST01007,Zaatar w Zeit Al Taawun,Lebanese,Sharjah,Al Taawun,365,32,8.77,43.83,58.18,0.328,0.892,10,Chicken Tawook
RST01017,Bombay Kitchen Al Shamkha,Indian,Abu Dhabi,Al Shamkha,408,38,9.31,42.27,58.35,0.34,0.836,10,Dal Makhani
RST01049,Al Hamra Pakistani Festival City,Pakistani,Dubai,Festival City,384,41,10.68,42.37,231.84,0.36,0.793,10,Chapli Kebab
RST01051,Byblos on the Sea Arabian Ranches,Lebanese,Dubai,Arabian Ranches,386,39,10.1,43.19,119.5,0.379,0.72,10,Warak Dawali
RST01055,Liberty Grill Festival City,American,Dubai,Festival City,364,26,7.14,42.6,261.44,0.326,0.946,10,Chocolate Milkshake
RST01057,Nonna Rosa Corniche,Italian,Abu Dhabi,Corniche,411,42,10.22,43.85,334.54,0.383,0.727,10,Lasagne al Forno
RST01064,Burger District Al Nahda,American,Sharjah,Al Nahda,385,49,12.73,44.6,60.44,0.43,0.526,10,Classic Smash Burger
RST01067,Bollywood Bites Garhoud,Indian,Dubai,Garhoud,360,41,11.39,42.51,120.3,0.374,0.721,10,Butter Chicken
RST01091,BBQ Tonight Al Nahda Dubai,Pakistani,Dubai,Al Nahda Dubai,383,54,14.1,43.26,52.44,0.44,0.471,10,Daal Chawal
RST01094,Mezze House Tourist Club Area,Lebanese,Abu Dhabi,Tourist Club Area,416,49,11.78,43.44,115.89,0.415,0.562,10,Shanklish Salad
RST01107,Mezze House Marina,Lebanese,Dubai,Marina,395,51,12.91,45.07,236.35,0.438,0.499,10,Kafta Wrap
RST01113,Sawadee Kitchen Al Taawun,Thai,Sharjah,Al Taawun,363,51,14.05,43.01,51.99,0.424,0.54,5,Thai Basil Fried Rice
RST01115,Adobo House Al Nahda,Filipino,Sharjah,Al Nahda,406,39,9.61,43.32,48.13,0.344,0.867,10,Chicken Adobo
RST01117,Golden Curry Satwa,Indian,Dubai,Satwa,414,60,14.49,44.57,57.39,0.4,0.639,10,Gulab Jamun
RST01138,Ihaw Ihaw Palm Jumeirah,Filipino,Dubai,Palm Jumeirah,335,38,11.34,42.67,206.91,0.34,0.831,10,Beef Caldereta
RST01149,Dynasty Kitchen Al Taawun,Chinese,Sharjah,Al Taawun,359,40,11.14,44.69,51.33,0.393,0.633,10,Dim Sum Basket
RST01160,Vesuvio Kitchen JLT,Italian,Dubai,JLT,398,41,10.3,43.55,144.62,0.353,0.803,10,Penne Arrabbiata
RST01162,Babel Beirut Al Nahda,Lebanese,Sharjah,Al Nahda,400,34,8.5,42.15,56.61,0.348,0.832,10,Kafta Wrap
RST01163,Namaste Kitchen Discovery Gardens,Indian,Dubai,Discovery Gardens,389,39,10.03,41.61,58.87,0.357,0.811,10,Butter Chicken
RST01164,Pasta Fresca Business Bay,Italian,Dubai,Business Bay,391,60,15.35,42.98,140.02,0.407,0.589,10,Penne Arrabbiata
RST01185,Al Dawaar Grill Downtown,Arabic,Dubai,Downtown,390,57,14.62,43.59,308.5,0.43,0.509,10,Jareesh
RST01203,Delhi Darbar Al Majaz,Indian,Sharjah,Al Majaz,387,37,9.56,44.96,57.96,0.354,0.846,10,Lamb Rogan Josh
RST01205,Arabian Nights Kitchen Marina,Arabic,Dubai,Marina,392,42,10.71,42.67,304.64,0.352,0.828,10,Lamb Mandi
RST01207,Desi Zaika Business Bay,Pakistani,Dubai,Business Bay,379,37,9.76,42.57,106.92,0.41,0.592,10,Paya Soup
RST01218,Mumbai Street Food JLT,Indian,Dubai,JLT,409,76,18.58,42.17,115.89,0.463,0.375,10,Gulab Jamun
RST01220,Pampanga Kitchen Al Barsha,Filipino,Dubai,Al Barsha,370,44,11.89,42.88,96.44,0.36,0.825,10,Pancit Canton
RST01234,Khaleeji Bites Muwaileh,Arabic,Sharjah,Muwaileh,396,57,14.39,41.82,62.18,0.4,0.605,10,Kabsa
RST01239,Vesuvio Kitchen Al Nahda,Italian,Sharjah,Al Nahda,401,32,7.98,41.85,71.25,0.323,0.908,10,Risotto ai Funghi
RST01240,Suhoor Lounge Discovery Gardens,Arabic,Dubai,Discovery Gardens,399,45,11.28,42.42,64.76,0.415,0.595,10,Falafel Wrap
RST01243,Peshawar Wala Al Barsha,Pakistani,Dubai,Al Barsha,369,53,14.36,42.54,105.69,0.415,0.543,10,Seekh Kebab
RST01248,All American Diner Marina,American,Dubai,Marina,363,28,7.71,42.22,250.5,0.323,0.92,10,Beef Hot Dog
RST01261,Khaleeji Bites Jumeirah,Arabic,Dubai,Jumeirah,370,43,11.62,44.89,125.47,0.406,0.598,10,Falafel Wrap
RST01262,Islamabad Grill Al Nahda,Pakistani,Sharjah,Al Nahda,394,27,6.85,43.27,51.72,0.356,0.794,10,Haleem
RST01271,Spice Route Karama,Indian,Dubai,Karama,375,34,9.07,42.45,57.91,0.323,0.944,10,Chicken Biryani
RST01272,Mezze House Garhoud,Lebanese,Dubai,Garhoud,402,54,13.43,42.91,114.53,0.432,0.502,10,Lamb Kibbeh
RST01279,Edo Japanese Al Rashidiya,Japanese,Ajman,Al Rashidiya,389,34,8.74,42.26,75.76,0.324,0.904,10,Miso Soup
RST01284,Emirati Table Mirdif,Arabic,Dubai,Mirdif,368,40,10.87,42.81,134.39,0.356,0.783,10,Falafel Wrap
RST01286,Chai & Spice Corniche,Indian,Abu Dhabi,Corniche,366,24,6.56,42.27,230.72,0.316,0.924,10,Dal Makhani
RST01287,Shawarma Station Al Nahda Dubai,Arabic,Dubai,Al Nahda Dubai,354,32,9.04,43.74,65.86,0.373,0.812,10,Jareesh
RST01288,Tagalog Tastes Al Majaz,Filipino,Sharjah,Al Majaz,400,51,12.75,43.01,50.37,0.343,0.832,10,Sinigang na Baboy
RST01299,Lahori Chaska Jumeirah,Pakistani,Dubai,Jumeirah,381,32,8.4,43.25,101.4,0.349,0.843,10,Mutton Biryani
RST01334,Sakura Sushi Khalidiyah,Japanese,Abu Dhabi,Khalidiyah,372,32,8.6,41.38,158.65,0.339,0.857,10,Dragon Roll
RST01341,Chai & Spice Al Nahda,Indian,Sharjah,Al Nahda,389,42,10.8,43.05,54.98,0.397,0.651,10,Dal Makhani
RST01342,Lotus Thai Al Nahda,Thai,Sharjah,Al Nahda,388,48,12.37,43.06,53.65,0.347,0.814,5,Tom Yum Soup
RST01345,Al Dawaar Grill Al Majaz,Arabic,Sharjah,Al Majaz,389,41,10.54,42.19,63.75,0.369,0.731,10,Falafel Wrap
RST01349,Bollywood Bites Satwa,Indian,Dubai,Satwa,407,53,13.02,43.26,58.8,0.414,0.573,10,Dal Makhani
RST01357,Pampanga Kitchen Yas Island,Filipino,Abu Dhabi,Yas Island,388,31,7.99,44.41,205.04,0.341,0.848,10,Chicken Adobo
RST01375,Lucky Wok Al Taawun,Chinese,Sharjah,Al Taawun,375,33,8.8,42.46,52.85,0.366,0.744,10,Wonton Soup
RST01382,Jade Garden Al Nahda,Chinese,Sharjah,Al Nahda,396,53,13.38,44.24,54.79,0.409,0.632,10,Beef Chow Mein
RST01383,Mezze House Jumeirah,Lebanese,Dubai,Jumeirah,417,51,12.23,42.15,116.68,0.372,0.723,10,Baba Ghanoush
RST01388,Curry Leaf Dubai Hills,Indian,Dubai,Dubai Hills,421,50,11.88,42.29,246.54,0.394,0.641,10,Gulab Jamun
RST01389,Delhi Darbar Palm Jumeirah,Indian,Dubai,Palm Jumeirah,428,42,9.81,42.45,248.04,0.355,0.792,10,Chicken Tikka Masala
RST01390,Mezze House Jumeirah,Lebanese,Dubai,Jumeirah,383,49,12.79,41.44,113.29,0.402,0.644,10,Mezze Platter
RST01400,Emirati Table Corniche,Arabic,Abu Dhabi,Corniche,355,34,9.58,43.37,293.97,0.376,0.721,10,Chicken Shawarma
RST01410,Ihaw Ihaw International City,Filipino,Dubai,International City,365,44,12.05,42.39,48.24,0.388,0.663,10,Kare Kare
RST01429,Bedouin Kitchen Dubai Hills,Arabic,Dubai,Dubai Hills,420,41,9.76,42.97,293.5,0.399,0.615,10,Lamb Mandi
RST01431,Lahori Chaska Al Taawun,Pakistani,Sharjah,Al Taawun,357,49,13.73,42.49,56.51,0.41,0.621,10,Paya Soup
RST01446,Nihari House Al Majaz,Pakistani,Sharjah,Al Majaz,356,40,11.24,41.6,51.2,0.359,0.801,10,Karahi Chicken
RST01449,Dim Sum Palace Bur Dubai,Chinese,Dubai,Bur Dubai,339,33,9.73,43.99,51.48,0.367,0.816,10,Wonton Soup
RST01452,Delhi Darbar Marina,Indian,Dubai,Marina,376,56,14.89,42.21,258.05,0.424,0.509,10,Butter Chicken
RST01456,Saffron Table Mohammed Bin Zayed City,Indian,Abu Dhabi,Mohammed Bin Zayed City,384,30,7.81,44.53,58.67,0.347,0.846,10,Dal Makhani
RST01459,Al Hamra Pakistani Corniche,Pakistani,Abu Dhabi,Corniche,388,42,10.82,42.27,223.94,0.377,0.706,10,Sheer Khurma
RST01461,Burrito Bandido Marina,Mexican,Dubai,Marina,401,42,10.47,41.85,235.88,0.426,0.524,3,Chicken Burrito
RST01463,Peking House Jumeirah Village Triangle,Chinese,Dubai,Jumeirah Village Triangle,418,48,11.48,40.98,108.96,0.396,0.63,10,Sweet & Sour Pork
RST01464,Masala Junction Mirdif,Indian,Dubai,Mirdif,383,39,10.18,41.86,112.61,0.323,0.947,10,Chicken Biryani
RST01468,Lahori Chaska Deira,Pakistani,Dubai,Deira,376,42,11.17,42.13,52.39,0.374,0.705,10,Seekh Kebab
RST01477,Byblos on the Sea Nad Al Sheba,Lebanese,Dubai,Nad Al Sheba,403,49,12.16,44.18,114.07,0.314,0.968,10,Fattoush Salad
RST01483,Wasabi Kitchen Arabian Ranches,Japanese,Dubai,Arabian Ranches,438,46,10.5,42.12,162.85,0.376,0.719,10,Chicken Katsu Curry
RST01493,Wasabi Kitchen Jumeirah Village Triangle,Japanese,Dubai,Jumeirah Village Triangle,349,41,11.75,42.39,153.32,0.33,0.904,10,Beef Gyoza (6pcs)
RST01507,Bella Napoli Palm Jumeirah,Italian,Dubai,Palm Jumeirah,369,47,12.74,42.38,336.48,0.398,0.644,10,Cannoli Siciliani
RST01521,Namaste Kitchen Al Rashidiya,Indian,Ajman,Al Rashidiya,337,63,18.69,42.42,60.57,0.447,0.433,10,Mango Lassi
RST01527,Islamabad Grill Khalidiyah,Pakistani,Abu Dhabi,Khalidiyah,362,52,14.36,44.19,101.47,0.432,0.516,10,Karahi Chicken
RST01531,Katsu Corner Sports City,Japanese,Dubai,Sports City,403,41,10.17,40.99,155.42,0.383,0.691,10,Edamame
RST01533,Mumbai Street Food Yas Island,Indian,Abu Dhabi,Yas Island,374,44,11.76,42.6,252.18,0.381,0.69,10,Samosa (2pcs)
RST01556,Nobu Express Muhaisnah,Japanese,Dubai,Muhaisnah,376,36,9.57,42.24,77.7,0.364,0.737,10,Yakitori Skewers
RST01557,Tandoor House Satwa,Indian,Dubai,Satwa,400,49,12.25,43.26,58.75,0.365,0.752,10,Butter Chicken
RST01559,Five Guys Kitchen Al Barsha,American,Dubai,Al Barsha,362,31,8.56,45.11,121.52,0.338,0.898,10,Beef Hot Dog
RST01579,Five Guys Kitchen Al Barsha,American,Dubai,Al Barsha,409,36,8.8,40.8,120.42,0.333,0.899,10,Beef Hot Dog
RST01611,Trattoria Roma Al Reem Island,Italian,Abu Dhabi,Al Reem Island,405,26,6.42,45.36,138.15,0.336,0.905,10,Chicken Parmigiana
RST01613,Al Dawaar Grill Khalifa City,Arabic,Abu Dhabi,Khalifa City,393,48,12.21,42.36,135.53,0.354,0.813,10,Jareesh
RST01624,BBQ Smokehouse Al Khalidiyah,American,Abu Dhabi,Al Khalidiyah,381,34,8.92,40.35,121.52,0.34,0.822,10,Classic Smash Burger
RST01629,Nihari House Al Mushrif,Pakistani,Abu Dhabi,Al Mushrif,351,41,11.68,42.78,108.0,0.431,0.526,10,Sheer Khurma
RST01637,Sisig Station Corniche,Filipino,Abu Dhabi,Corniche,409,37,9.05,43.05,201.04,0.348,0.834,10,Kare Kare
RST01647,Arabian Nights Kitchen Festival City,Arabic,Dubai,Festival City,386,35,9.07,44.94,298.52,0.362,0.779,10,Lamb Mandi
RST01651,Curry Leaf JLT,Indian,Dubai,JLT,403,38,9.43,42.7,119.94,0.351,0.827,10,Dal Makhani
RST01673,Nobu Express Mirdif,Japanese,Dubai,Mirdif,354,40,11.3,43.47,148.83,0.397,0.651,10,Edamame
RST01683,Nihari House International City,Pakistani,Dubai,International City,384,34,8.85,43.65,50.6,0.324,0.967,10,Daal Chawal
RST01689,Mezze House Satwa,Lebanese,Dubai,Satwa,374,36,9.63,42.64,57.18,0.366,0.727,10,Kafta Wrap
RST01692,Edo Japanese Al Taawun,Japanese,Sharjah,Al Taawun,376,35,9.31,41.79,79.66,0.309,0.964,10,Matcha Ice Cream
RST01704,Royal Biryani House Arabian Ranches,Indian,Dubai,Arabian Ranches,374,39,10.43,42.34,110.35,0.4,0.628,10,Lamb Rogan Josh
RST01723,Ihaw Ihaw Discovery Gardens,Filipino,Dubai,Discovery Gardens,390,34,8.72,43.43,49.4,0.39,0.661,10,Kare Kare
RST01726,Dumpling Republic Muwaileh,Chinese,Sharjah,Muwaileh,380,36,9.47,42.31,53.22,0.338,0.825,10,Spring Rolls (4pcs)
RST01734,Pampanga Kitchen Al Furjan,Filipino,Dubai,Al Furjan,407,41,10.07,42.24,100.42,0.344,0.865,10,Beef Caldereta
RST01758,Babel Beirut Jumeirah Village Triangle,Lebanese,Dubai,Jumeirah Village Triangle,412,36,8.74,41.21,116.12,0.321,0.902,10,Mezze Platter
RST01760,Smash & Stack Al Mushrif,American,Abu Dhabi,Al Mushrif,382,55,14.4,43.4,121.83,0.413,0.583,10,Onion Rings
RST01761,Burrito Bandido Dubai Hills,Mexican,Dubai,Dubai Hills,373,27,7.24,43.78,219.47,0.327,0.93,3,Beef Tacos (3pcs)
RST01762,Mumbai Street Food Saadiyat Island,Indian,Abu Dhabi,Saadiyat Island,362,35,9.67,44.23,251.05,0.327,0.933,10,Mango Lassi
RST01764,Lutong Bahay Al Nahda Dubai,Filipino,Dubai,Al Nahda Dubai,397,36,9.07,44.39,50.15,0.35,0.832,10,Beef Caldereta
RST01767,Namaste Kitchen Al Karamah,Indian,Abu Dhabi,Al Karamah,348,30,8.62,42.16,116.85,0.32,0.918,10,Mango Lassi
RST01771,Capricciosa Sports City,Italian,Dubai,Sports City,391,39,9.97,43.69,140.95,0.324,0.93,10,Cannoli Siciliani
RST01783,Golden Dragon Al Majaz,Chinese,Sharjah,Al Majaz,407,60,14.74,41.77,55.11,0.408,0.568,10,Spring Rolls (4pcs)
RST01798,Tokyo Kitchen Al Khalidiyah,Japanese,Abu Dhabi,Al Khalidiyah,366,53,14.48,43.99,155.02,0.444,0.467,10,Matcha Ice Cream
RST01813,The Wing Co Corniche,American,Abu Dhabi,Corniche,372,33,8.87,43.13,266.57,0.355,0.781,10,Crispy Chicken Sandwich
RST01817,Tokyo Kitchen Discovery Gardens,Japanese,Dubai,Discovery Gardens,379,43,11.35,43.45,78.72,0.414,0.547,10,Edamame
RST01820,Burger District Al Majaz,American,Sharjah,Al Majaz,374,35,9.36,41.08,61.18,0.358,0.782,10,Beef Hot Dog
RST01822,Al Hamra Pakistani Palm Jumeirah,Pakistani,Dubai,Palm Jumeirah,364,39,10.71,41.72,208.4,0.375,0.708,10,Paya Soup
RST01823,La Cucina International City,Italian,Dubai,International City,419,42,10.02,43.85,71.46,0.405,0.611,10,Tiramisu
RST01830,Nobu Express Al Nuaimiya,Japanese,Ajman,Al Nuaimiya,381,39,10.24,41.99,76.41,0.321,0.946,10,Tonkotsu Ramen
RST01849,Peshawar Wala Al Karamah,Pakistani,Abu Dhabi,Al Karamah,419,56,13.37,42.71,104.5,0.487,0.293,10,Mutton Biryani
RST01854,Chai & Spice Masdar City,Indian,Abu Dhabi,Masdar City,370,51,13.78,42.47,122.08,0.392,0.638,10,Mango Lassi
RST01856,Fattoush Kitchen Dubai Hills,Lebanese,Dubai,Dubai Hills,353,38,10.76,41.5,245.6,0.402,0.622,10,Manakeesh Zaatar
RST01858,Arabian Nights Kitchen Festival City,Arabic,Dubai,Festival City,387,53,13.7,44.35,304.25,0.437,0.535,10,Kabsa
RST01861,Golden Dragon Al Muroor,Chinese,Abu Dhabi,Al Muroor,372,28,7.53,43.14,52.4,0.3,0.972,10,Sweet & Sour Pork
RST01873,Tandoor House Downtown,Indian,Dubai,Downtown,390,62,15.9,44.36,244.18,0.41,0.61,10,Palak Paneer
RST01903,Leila Restaurant Al Taawun,Lebanese,Sharjah,Al Taawun,367,51,13.9,43.08,59.79,0.375,0.747,10,Shanklish Salad
RST01917,Dumpling Republic Al Barsha,Chinese,Dubai,Al Barsha,357,32,8.96,42.88,113.27,0.359,0.798,10,Mapo Tofu
RST01919,Lahori Chaska Karama,Pakistani,Dubai,Karama,426,64,15.02,42.25,50.79,0.442,0.41,10,Seekh Kebab
RST01953,Il Pomodoro Al Mushrif,Italian,Abu Dhabi,Al Mushrif,414,50,12.08,43.07,143.97,0.395,0.634,10,Chicken Parmigiana
RST01960,Jollibee Express Al Nahda,Filipino,Sharjah,Al Nahda,386,67,17.36,43.49,48.99,0.437,0.464,10,Chicken Adobo
RST01972,Pizza Express Dubai Al Nahda Dubai,Italian,Dubai,Al Nahda Dubai,381,33,8.66,42.18,70.96,0.38,0.704,10,Caprese Salad
RST01975,Nihari House Muwaileh,Pakistani,Sharjah,Muwaileh,429,41,9.56,43.42,50.49,0.336,0.921,10,Paya Soup
RST01976,Burger District Deira,American,Dubai,Deira,369,25,6.78,43.82,61.52,0.325,0.91,10,Classic Smash Burger
RST01993,Al Safadi Al Zaab,Arabic,Abu Dhabi,Al Zaab,375,43,11.47,43.97,64.18,0.418,0.591,10,Kabsa
RST00005,Islamabad Grill Al Nahda,Pakistani,Sharjah,Al Nahda,392,66,16.84,41.49,51.17,0.501,0.224,10,Mutton Biryani
RST00010,Lahori Chaska Downtown,Pakistani,Dubai,Downtown,400,34,8.5,42.17,222.61,0.337,0.832,10,Chapli Kebab
RST00021,Nashville Hot Al Jurf,American,Ajman,Al Jurf,383,31,8.09,44.84,64.21,0.344,0.894,10,BBQ Chicken Wings
RST00023,Bollywood Bites Downtown,Indian,Dubai,Downtown,372,30,8.06,42.9,246.66,0.351,0.815,10,Mango Lassi
RST00032,Golden Curry Jumeirah,Indian,Dubai,Jumeirah,389,34,8.74,42.57,115.89,0.35,0.839,10,Butter Chicken
RST00036,Lucky Wok Business Bay,Chinese,Dubai,Business Bay,399,49,12.28,42.84,109.17,0.482,0.318,10,Mapo Tofu
RST00040,Bangkok Bites International City,Thai,Dubai,International City,394,40,10.15,42.59,53.11,0.36,0.788,5,Pad Thai
RST00051,Golden Curry Dubai Hills,Indian,Dubai,Dubai Hills,416,42,10.1,43.46,252.59,0.333,0.901,10,Chicken Tikka Masala
RST00063,Pinoy Kitchen Al Nahda,Filipino,Sharjah,Al Nahda,409,43,10.51,45.17,48.87,0.363,0.794,10,Chicken Adobo
RST00068,Peshawar Wala DIFC,Pakistani,Dubai,DIFC,368,40,10.87,43.58,214.83,0.411,0.584,10,Mutton Biryani
RST00093,Haleem Express Karama,Pakistani,Dubai,Karama,339,35,10.32,43.46,52.88,0.391,0.666,10,Seekh Kebab
RST00096,Sakura Sushi Al Nahda,Japanese,Sharjah,Al Nahda,365,48,13.15,42.95,77.41,0.434,0.506,10,Edamame
RST00111,Lutong Bahay Jumeirah,Filipino,Dubai,Jumeirah,380,43,11.32,43.56,99.68,0.396,0.632,10,Longganisa Rice
RST00132,Mandi House Al Zaab,Arabic,Abu Dhabi,Al Zaab,372,26,6.99,43.32,63.05,0.361,0.77,10,Kabsa
RST00137,Saffron Table Silicon Oasis,Indian,Dubai,Silicon Oasis,376,40,10.64,43.09,57.54,0.385,0.687,10,Samosa (2pcs)
RST00144,Arabian Nights Kitchen Al Jurf,Arabic,Ajman,Al Jurf,377,32,8.49,43.98,66.67,0.322,0.985,10,Falafel Wrap
RST00160,Tokyo Kitchen Al Majaz,Japanese,Sharjah,Al Majaz,353,43,12.18,42.47,73.64,0.335,0.91,10,Teriyaki Chicken Bowl
RST00167,Curry Leaf Al Nuaimiya,Indian,Ajman,Al Nuaimiya,397,36,9.07,43.69,58.44,0.355,0.832,10,Butter Chicken
RST00176,Masala Junction Al Taawun,Indian,Sharjah,Al Taawun,365,41,11.23,42.13,56.67,0.346,0.852,10,Lamb Rogan Josh
RST00200,Capricciosa Al Nahda,Italian,Sharjah,Al Nahda,365,48,13.15,44.25,72.38,0.401,0.63,10,Bruschetta
RST00203,Chai & Spice Corniche,Indian,Abu Dhabi,Corniche,395,33,8.35,44.04,238.13,0.342,0.858,10,Lamb Rogan Josh
RST00210,Punjab Grill Downtown,Indian,Dubai,Downtown,387,49,12.66,41.51,241.23,0.445,0.442,10,Garlic Naan
RST00211,Sashimi Bar Motor City,Japanese,Dubai,Motor City,416,47,11.3,40.97,152.52,0.36,0.755,10,Yakitori Skewers
RST00217,Dim Sum Palace Muwaileh,Chinese,Sharjah,Muwaileh,378,49,12.96,42.7,55.61,0.372,0.743,10,Mapo Tofu
RST00231,Al Hamra Pakistani Bur Dubai,Pakistani,Dubai,Bur Dubai,405,44,10.86,42.67,50.65,0.369,0.741,10,Sheer Khurma
RST00235,Al Safadi Mohammed Bin Zayed City,Arabic,Abu Dhabi,Mohammed Bin Zayed City,391,41,10.49,43.35,61.73,0.383,0.722,10,Chicken Shawarma
RST00249,Mumbai Street Food Al Rashidiya,Indian,Ajman,Al Rashidiya,380,58,15.26,43.91,56.02,0.417,0.555,10,Dal Makhani
RST00257,Mumbai Street Food Discovery Gardens,Indian,Dubai,Discovery Gardens,390,46,11.79,42.33,59.04,0.39,0.65,10,Gulab Jamun
RST00262,Al Hamra Pakistani Al Nahda,Pakistani,Sharjah,Al Nahda,381,45,11.81,42.7,49.26,0.371,0.739,10,Nihari
RST00273,Nihari House Al Reef,Pakistani,Abu Dhabi,Al Reef,386,61,15.8,40.16,51.9,0.382,0.628,10,Karahi Chicken
RST00274,Jade Garden Corniche,Chinese,Abu Dhabi,Corniche,401,49,12.22,42.49,235.04,0.4,0.628,10,Wonton Soup
RST00294,Delhi Darbar Shahama,Indian,Abu Dhabi,Shahama,393,43,10.94,42.62,55.05,0.393,0.685,10,Garlic Naan
RST00296,Spice Route Al Karamah,Indian,Abu Dhabi,Al Karamah,399,46,11.53,43.36,125.73,0.39,0.651,10,Palak Paneer
RST00305,Khaleeji Bites Al Barsha,Arabic,Dubai,Al Barsha,407,57,14.0,42.48,126.85,0.4,0.589,10,Hummus Platter
RST00313,Spice Route Jumeirah,Indian,Dubai,Jumeirah,374,29,7.75,44.15,113.52,0.313,0.953,10,Lamb Rogan Josh
RST00315,Suhoor Lounge Bur Dubai,Arabic,Dubai,Bur Dubai,408,36,8.82,42.22,59.11,0.341,0.849,10,Lamb Mandi
RST00327,Arabian Nights Kitchen Hamdan Street,Arabic,Abu Dhabi,Hamdan Street,423,54,12.77,42.16,129.77,0.394,0.666,10,Hummus Platter
RST00332,Curry Leaf Hamdan Street,Indian,Abu Dhabi,Hamdan Street,350,44,12.57,42.12,117.63,0.36,0.761,10,Chicken Tikka Masala
RST00343,Peking House Downtown,Chinese,Dubai,Downtown,378,47,12.43,41.96,242.34,0.362,0.739,10,Dim Sum Basket
RST00363,Il Pomodoro Business Bay,Italian,Dubai,Business Bay,341,51,14.96,44.14,138.66,0.417,0.578,10,Bruschetta
RST00364,Tokyo Kitchen Mirdif,Japanese,Dubai,Mirdif,367,48,13.08,43.76,156.9,0.379,0.727,10,Matcha Ice Cream
RST00365,Chai & Spice Al Mushrif,Indian,Abu Dhabi,Al Mushrif,383,22,5.74,41.83,119.04,0.33,0.905,10,Palak Paneer
RST00368,Khaleeji Bites Muwaileh,Arabic,Sharjah,Muwaileh,372,42,11.29,43.86,64.1,0.365,0.75,10,Hummus Platter
RST00370,Al Waha Lebanese Al Barsha,Lebanese,Dubai,Al Barsha,408,60,14.71,41.92,119.99,0.473,0.316,10,Lamb Kibbeh
RST00380,Namaste Kitchen Muwaileh,Indian,Sharjah,Muwaileh,406,48,11.82,42.87,56.85,0.395,0.654,10,Dal Makhani
RST00384,Golden Dragon Jumeirah,Chinese,Dubai,Jumeirah,359,35,9.75,45.08,113.23,0.38,0.745,10,Dim Sum Basket
RST00386,Smash & Stack Muwaileh,American,Sharjah,Muwaileh,382,56,14.66,42.29,60.66,0.464,0.367,10,Beef Hot Dog
RST00388,Chao Fan Express Al Nahda,Chinese,Sharjah,Al Nahda,378,55,14.55,41.66,53.53,0.398,0.624,10,Mapo Tofu
RST00391,All American Diner Al Reef,American,Abu Dhabi,Al Reef,391,41,10.49,42.05,62.31,0.373,0.737,10,Onion Rings
RST00401,Al Safadi Business Bay,Arabic,Dubai,Business Bay,389,34,8.74,42.36,126.41,0.321,0.915,10,Lamb Mandi
RST00410,Al Safadi JLT,Arabic,Dubai,JLT,401,50,12.47,42.9,128.18,0.341,0.882,10,Machboos
RST00416,Spice Route Oud Metha,Indian,Dubai,Oud Metha,379,42,11.08,44.1,117.22,0.45,0.457,10,Chicken Tikka Masala
RST00417,Taco Loco Jumeirah,Mexican,Dubai,Jumeirah,384,38,9.9,43.2,114.26,0.371,0.742,3,Chicken Burrito
RST00420,Bedouin Kitchen DIFC,Arabic,Dubai,DIFC,400,37,9.25,42.5,299.18,0.309,0.975,10,Falafel Wrap
RST00430,Peking House Marina,Chinese,Dubai,Marina,389,38,9.77,44.46,233.94,0.379,0.757,10,Sweet & Sour Pork
RST00431,Edo Japanese Muwaileh,Japanese,Sharjah,Muwaileh,397,39,9.82,41.96,76.7,0.377,0.769,10,Tonkotsu Ramen
RST00434,Noodle Bar Shanghai Deira,Chinese,Dubai,Deira,405,34,8.4,43.23,56.75,0.323,0.925,10,Mapo Tofu
RST00451,Lucky Wok International City,Chinese,Dubai,International City,410,41,10.0,41.76,55.91,0.33,0.932,10,Spring Rolls (4pcs)
RST00452,Burger District DIFC,American,Dubai,DIFC,412,34,8.25,42.22,258.79,0.332,0.868,10,Loaded Fries
RST00486,Bombay Kitchen Bur Dubai,Indian,Dubai,Bur Dubai,367,38,10.35,43.41,58.77,0.369,0.771,10,Chicken Tikka Masala
RST00503,Vesuvio Kitchen Downtown,Italian,Dubai,Downtown,422,64,15.17,43.28,335.68,0.418,0.569,10,Caprese Salad
RST00507,Zaatar w Zeit Dubai Hills,Lebanese,Dubai,Dubai Hills,393,58,14.76,43.92,240.65,0.417,0.572,10,Knafeh
RST00508,Cedar Tree Corniche,Lebanese,Abu Dhabi,Corniche,357,34,9.52,45.51,252.43,0.322,0.951,10,Kafta Wrap
RST00509,Karachi Darbar Al Shamkha,Pakistani,Abu Dhabi,Al Shamkha,422,59,13.98,42.34,54.81,0.387,0.682,10,Seekh Kebab
RST00511,Haleem Express Al Quoz,Pakistani,Dubai,Al Quoz,388,68,17.53,43.42,51.58,0.459,0.388,10,Aloo Gosht
RST00515,Pad Thai House Al Reem Island,Thai,Abu Dhabi,Al Reem Island,437,48,10.98,42.45,101.27,0.346,0.818,5,Tom Yum Soup
RST00525,Maharaja Palace Deira,Indian,Dubai,Deira,402,56,13.93,40.93,58.48,0.373,0.691,10,Dal Makhani
RST00549,Cedar Tree Khalidiyah,Lebanese,Abu Dhabi,Khalidiyah,369,38,10.3,41.76,112.47,0.377,0.729,10,Fattoush Salad
RST00556,Pampanga Kitchen Al Furjan,Filipino,Dubai,Al Furjan,384,40,10.42,43.07,96.58,0.374,0.749,10,Sinigang na Baboy
RST00561,Arabian Nights Kitchen Al Majaz,Arabic,Sharjah,Al Majaz,415,29,6.99,41.61,64.32,0.325,0.936,10,Lamb Mandi
RST00565,Punjab Grill JLT,Indian,Dubai,JLT,392,68,17.35,42.39,115.78,0.488,0.281,10,Chicken Biryani
RST00570,Liberty Grill Yas Island,American,Abu Dhabi,Yas Island,348,31,8.91,41.67,264.15,0.38,0.694,10,BBQ Chicken Wings
RST00594,Bollywood Bites Khalidiyah,Indian,Abu Dhabi,Khalidiyah,376,60,15.96,42.18,118.21,0.44,0.459,10,Lamb Rogan Josh
RST00609,Punjab Grill Khalifa City,Indian,Abu Dhabi,Khalifa City,384,42,10.94,41.82,120.85,0.369,0.738,10,Garlic Naan
RST00611,Katsu Corner Al Reef,Japanese,Abu Dhabi,Al Reef,401,34,8.48,42.34,76.7,0.336,0.869,10,Salmon Sushi Roll
RST00621,Islamabad Grill Garhoud,Pakistani,Dubai,Garhoud,365,38,10.41,43.25,102.55,0.426,0.531,10,Sheer Khurma
RST00627,Pampanga Kitchen Al Nuaimiya,Filipino,Ajman,Al Nuaimiya,379,35,9.23,41.54,50.69,0.339,0.891,10,Beef Caldereta
RST00642,Islamabad Grill Al Barsha,Pakistani,Dubai,Al Barsha,365,38,10.41,44.84,98.96,0.336,0.909,10,Seekh Kebab
RST00644,Desi Zaika Jumeirah,Pakistani,Dubai,Jumeirah,364,29,7.97,42.4,100.35,0.331,0.887,10,Mutton Biryani
RST00648,Five Guys Kitchen Al Barsha,American,Dubai,Al Barsha,433,35,8.08,42.62,122.38,0.331,0.878,10,Philly Cheesesteak
RST00656,Green Valley Pakistani Al Karamah,Pakistani,Abu Dhabi,Al Karamah,395,33,8.35,43.09,101.75,0.361,0.772,10,Mutton Biryani
RST00660,Shawarma Station Muwaileh,Arabic,Sharjah,Muwaileh,373,44,11.8,41.3,62.59,0.403,0.609,10,Grilled Hammour
RST00666,Nonna Rosa Al Karamah,Italian,Abu Dhabi,Al Karamah,400,71,17.75,43.46,144.39,0.494,0.276,10,Penne Arrabbiata
RST00669,Amalfi Table Electra Street,Italian,Abu Dhabi,Electra Street,352,33,9.38,43.78,142.71,0.381,0.727,10,Bruschetta
RST00675,Lucky Wok Saadiyat Island,Chinese,Abu Dhabi,Saadiyat Island,394,28,7.11,43.26,233.67,0.347,0.831,10,Dim Sum Basket
RST00684,BBQ Smokehouse Al Barsha,American,Dubai,Al Barsha,377,46,12.2,43.78,121.51,0.411,0.6,10,Chocolate Milkshake
RST00696,Al Safadi International City,Arabic,Dubai,International City,382,45,11.78,42.03,64.56,0.409,0.565,10,Dates & Karak
RST00705,BBQ Smokehouse Al Reem Island,American,Abu Dhabi,Al Reem Island,375,25,6.67,43.01,120.48,0.33,0.887,10,Classic Smash Burger
RST00713,Bollywood Bites Al Karamah,Indian,Abu Dhabi,Al Karamah,375,32,8.53,44.59,110.79,0.322,0.924,10,Butter Chicken
RST00718,Mumbai Street Food Khalidiyah,Indian,Abu Dhabi,Khalidiyah,393,44,11.2,43.55,114.39,0.369,0.772,10,Butter Chicken
RST00720,Burger District Downtown,American,Dubai,Downtown,389,57,14.65,41.75,247.34,0.475,0.272,10,BBQ Chicken Wings
RST00725,Wok to Walk Al Jurf,Chinese,Ajman,Al Jurf,399,54,13.53,41.99,53.57,0.405,0.572,10,Mapo Tofu
RST00737,Punjab Grill Muwaileh,Indian,Sharjah,Muwaileh,386,60,15.54,42.67,57.3,0.418,0.536,10,Mango Lassi
RST00745,Saffron Table Arabian Ranches,Indian,Dubai,Arabian Ranches,417,31,7.43,42.3,118.58,0.343,0.857,10,Chicken Tikka Masala
RST00756,Bangkok Bites Al Nahda,Thai,Sharjah,Al Nahda,386,48,12.44,43.36,53.96,0.41,0.576,5,Green Curry Chicken
RST00769,Tagalog Tastes Khalidiyah,Filipino,Abu Dhabi,Khalidiyah,416,48,11.54,44.72,95.17,0.397,0.645,10,Pancit Canton
RST00771,Bella Napoli Al Quoz,Italian,Dubai,Al Quoz,398,49,12.31,43.55,71.42,0.431,0.54,10,Chicken Parmigiana
RST00774,Lahori Chaska Deira,Pakistani,Dubai,Deira,395,54,13.67,42.1,52.92,0.385,0.661,10,Mutton Biryani
RST00776,Punjab Grill Muwaileh,Indian,Sharjah,Muwaileh,408,42,10.29,43.98,57.47,0.35,0.844,10,Butter Chicken
RST00782,Royal Biryani House Al Jurf,Indian,Ajman,Al Jurf,414,44,10.63,41.05,57.28,0.34,0.852,10,Samosa (2pcs)
RST00791,Maharaja Palace Creek Harbour,Indian,Dubai,Creek Harbour,384,32,8.33,41.61,246.68,0.337,0.871,10,Samosa (2pcs)
RST00798,Curry Leaf Bur Dubai,Indian,Dubai,Bur Dubai,369,58,15.72,42.56,58.65,0.428,0.529,10,Gulab Jamun
RST00837,El Rancho Mexican Al Barsha,Mexican,Dubai,Al Barsha,414,44,10.63,44.02,113.54,0.373,0.681,3,Loaded Nachos
RST00844,Tagalog Tastes Arabian Ranches,Filipino,Dubai,Arabian Ranches,390,39,10.0,43.48,99.32,0.374,0.689,10,Beef Caldereta
RST00857,Punjab Grill Downtown,Indian,Dubai,Downtown,378,40,10.58,42.98,258.54,0.352,0.8,10,Samosa (2pcs)
RST00862,Khaleeji Bites Discovery Gardens,Arabic,Dubai,Discovery Gardens,390,26,6.67,43.66,60.56,0.34,0.896,10,Lamb Mandi
RST00878,Fattoush Kitchen Nad Al Sheba,Lebanese,Dubai,Nad Al Sheba,398,34,8.54,43.61,119.65,0.37,0.753,10,Fattoush Salad
RST00879,Delhi Darbar Al Nahda,Indian,Sharjah,Al Nahda,365,47,12.88,41.01,54.82,0.357,0.79,10,Gulab Jamun
RST00881,Zaatar w Zeit International City,Lebanese,Dubai,International City,364,35,9.62,42.61,58.05,0.331,0.897,10,Lamb Kibbeh
RST00890,Mezze House Al Furjan,Lebanese,Dubai,Al Furjan,377,45,11.94,42.31,117.75,0.362,0.782,10,Warak Dawali
RST00895,Shake Shack Express Al Nahda,American,Sharjah,Al Nahda,392,43,10.97,43.26,60.28,0.386,0.667,10,BBQ Chicken Wings
RST00900,Al Dawaar Grill Al Barsha,Arabic,Dubai,Al Barsha,380,31,8.16,43.78,124.0,0.328,0.914,10,Dates & Karak
RST00901,Smash & Stack Jumeirah,American,Dubai,Jumeirah,387,63,16.28,43.09,117.03,0.416,0.572,10,Nashville Hot Tenders
RST00902,Trattoria Roma Al Taawun,Italian,Sharjah,Al Taawun,371,48,12.94,42.83,68.15,0.423,0.548,10,Penne Arrabbiata
RST00922,Khaleeji Bites Deira,Arabic,Dubai,Deira,396,40,10.1,42.48,62.7,0.339,0.885,10,Lamb Mandi
RST00944,Tagalog Tastes Al Quoz,Filipino,Dubai,Al Quoz,438,44,10.05,41.98,52.46,0.377,0.732,10,Sinigang na Baboy
RST00945,Bombay Kitchen Karama,Indian,Dubai,Karama,356,43,12.08,41.86,55.14,0.381,0.693,10,Dal Makhani
RST00946,Delhi Darbar Al Furjan,Indian,Dubai,Al Furjan,364,55,15.11,41.7,117.34,0.461,0.39,10,Dal Makhani
RST00953,Karachi Darbar Arabian Ranches,Pakistani,Dubai,Arabian Ranches,411,32,7.79,41.72,104.76,0.413,0.546,10,Mutton Biryani
RST00971,Bombay Kitchen Al Taawun,Indian,Sharjah,Al Taawun,414,45,10.87,44.4,56.38,0.38,0.707,10,Gulab Jamun
RST00972,Karachi Darbar Oud Metha,Pakistani,Dubai,Oud Metha,369,55,14.91,42.49,103.46,0.403,0.578,10,Sheer Khurma
RST00973,Emirati Table Silicon Oasis,Arabic,Dubai,Silicon Oasis,376,43,11.44,43.24,63.79,0.41,0.618,10,Jareesh
RST01006,Capricciosa Festival City,Italian,Dubai,Festival City,403,42,10.42,43.35,319.22,0.37,0.727,10,Chicken Parmigiana
RST01008,Tokyo Kitchen Al Taawun,Japanese,Sharjah,Al Taawun,388,61,15.72,41.94,78.61,0.413,0.565,10,Yakitori Skewers
RST01011,Al Dawaar Grill JLT,Arabic,Dubai,JLT,378,38,10.05,41.85,129.18,0.376,0.731,10,Mixed Grill
RST01015,Cedar Tree Al Karamah,Lebanese,Abu Dhabi,Al Karamah,414,46,11.11,41.9,116.27,0.413,0.552,10,Mezze Platter
RST01027,Bollywood Bites Jumeirah Village Triangle,Indian,Dubai,Jumeirah Village Triangle,406,41,10.1,43.24,115.69,0.365,0.779,10,Garlic Naan
RST01043,Haleem Express Khalidiyah,Pakistani,Abu Dhabi,Khalidiyah,430,41,9.53,43.62,101.34,0.377,0.773,10,Daal Chawal
RST01047,Colombo Kitchen Al Rashidiya,Sri Lankan,Ajman,Al Rashidiya,427,30,7.03,42.73,48.29,0.324,0.896,3,Kottu Roti
RST01082,Peking House Downtown,Chinese,Dubai,Downtown,398,53,13.32,44.08,236.59,0.421,0.56,10,Steamed Dumplings
RST01089,Byblos on the Sea Business Bay,Lebanese,Dubai,Business Bay,386,41,10.62,44.12,115.84,0.384,0.646,10,Kafta Wrap
RST01092,Desi Zaika Creek Harbour,Pakistani,Dubai,Creek Harbour,401,26,6.48,41.96,223.77,0.321,0.945,10,Karahi Chicken
RST01095,Royal Biryani House Business Bay,Indian,Dubai,Business Bay,383,39,10.18,43.42,113.01,0.349,0.808,10,Chicken Tikka Masala
RST01097,Arabian Nights Kitchen Al Nuaimiya,Arabic,Ajman,Al Nuaimiya,398,37,9.3,43.27,62.03,0.387,0.636,10,Jareesh
RST01098,Izakaya House Al Mushrif,Japanese,Abu Dhabi,Al Mushrif,387,52,13.44,41.6,156.76,0.42,0.546,10,Beef Gyoza (6pcs)
RST01101,Haleem Express Business Bay,Pakistani,Dubai,Business Bay,379,48,12.66,41.49,99.13,0.441,0.432,10,Seekh Kebab
RST01106,Al Waha Lebanese Al Majaz,Lebanese,Sharjah,Al Majaz,387,44,11.37,41.06,58.39,0.364,0.74,10,Chicken Tawook
RST01110,Emirati Table Festival City,Arabic,Dubai,Festival City,388,34,8.76,41.77,302.68,0.361,0.806,10,Machboos
RST01133,Masala Junction Al Reef,Indian,Abu Dhabi,Al Reef,375,43,11.47,45.5,57.6,0.376,0.732,10,Gulab Jamun
RST01135,BBQ Smokehouse Downtown,American,Dubai,Downtown,342,33,9.65,42.31,246.95,0.335,0.878,10,Chocolate Milkshake
RST01139,Delhi Darbar Saadiyat Island,Indian,Abu Dhabi,Saadiyat Island,404,33,8.17,44.11,240.42,0.338,0.892,10,Samosa (2pcs)
RST01142,Pasta Fresca JLT,Italian,Dubai,JLT,381,40,10.5,42.59,141.2,0.349,0.82,10,Lasagne al Forno
RST01151,Pizza Express Dubai JLT,Italian,Dubai,JLT,384,48,12.5,42.78,144.13,0.391,0.674,10,Penne Arrabbiata
RST01155,Byblos on the Sea Jumeirah Village Triangle,Lebanese,Dubai,Jumeirah Village Triangle,387,62,16.02,42.43,115.08,0.406,0.599,10,Shanklish Salad
RST01159,Saffron Table Al Majaz,Indian,Sharjah,Al Majaz,372,61,16.4,43.99,61.76,0.459,0.406,10,Chicken Tikka Masala
RST01175,Lahori Chaska Al Taawun,Pakistani,Sharjah,Al Taawun,378,37,9.79,42.78,52.22,0.412,0.586,10,Sheer Khurma
RST01177,Mumbai Street Food Downtown,Indian,Dubai,Downtown,373,40,10.72,44.25,236.8,0.375,0.702,10,Palak Paneer
RST01187,Lutong Bahay Al Taawun,Filipino,Sharjah,Al Taawun,386,45,11.66,40.76,50.94,0.342,0.831,10,Sisig Rice Bowl
RST01190,Shawarma Station Downtown,Arabic,Dubai,Downtown,379,47,12.4,40.7,310.05,0.397,0.609,10,Dates & Karak
RST01217,Al Safadi Jumeirah Village Triangle,Arabic,Dubai,Jumeirah Village Triangle,382,37,9.69,44.99,131.17,0.344,0.856,10,Mixed Grill
RST01222,Nashville Hot DIFC,American,Dubai,DIFC,400,36,9.0,43.1,250.05,0.327,0.907,10,BBQ Chicken Wings
RST01244,Bollywood Bites Al Barsha,Indian,Dubai,Al Barsha,361,39,10.8,40.96,114.44,0.384,0.702,10,Chicken Tikka Masala
RST01246,Spice Route Al Reef,Indian,Abu Dhabi,Al Reef,370,45,12.16,42.02,57.53,0.365,0.759,10,Chicken Biryani
RST01256,Golden Curry Mohammed Bin Zayed City,Indian,Abu Dhabi,Mohammed Bin Zayed City,373,38,10.19,41.15,56.18,0.371,0.732,10,Samosa (2pcs)
RST01259,Dumpling Republic Al Rashidiya,Chinese,Ajman,Al Rashidiya,369,44,11.92,45.04,53.2,0.435,0.504,10,Wonton Soup
RST01281,Desi Zaika Al Majaz,Pakistani,Sharjah,Al Majaz,355,40,11.27,42.67,55.6,0.351,0.817,10,Paya Soup
RST01291,Maharaja Palace Yas Island,Indian,Abu Dhabi,Yas Island,371,53,14.29,42.79,238.83,0.401,0.621,10,Dal Makhani
RST01294,Byblos on the Sea Muwaileh,Lebanese,Sharjah,Muwaileh,441,52,11.79,43.78,58.06,0.366,0.748,10,Fattoush Salad
RST01312,Shawarma Station Marina,Arabic,Dubai,Marina,359,41,11.42,42.52,316.87,0.423,0.525,10,Grilled Hammour
RST01321,Saffron Table JLT,Indian,Dubai,JLT,387,51,13.18,41.05,114.19,0.377,0.665,10,Butter Chicken
RST01327,Mumbai Street Food Saadiyat Island,Indian,Abu Dhabi,Saadiyat Island,333,31,9.31,43.76,229.38,0.368,0.759,10,Garlic Naan
RST01329,All American Diner Festival City,American,Dubai,Festival City,387,39,10.08,43.99,272.5,0.364,0.749,10,Beef Hot Dog
RST01333,Delhi Darbar Al Barsha,Indian,Dubai,Al Barsha,411,66,16.06,43.08,110.72,0.483,0.296,10,Lamb Rogan Josh
RST01339,Bombay Kitchen Karama,Indian,Dubai,Karama,382,34,8.9,42.78,55.27,0.344,0.839,10,Samosa (2pcs)
RST01340,Curry Leaf Al Jurf,Indian,Ajman,Al Jurf,405,40,9.88,45.02,58.31,0.332,0.885,10,Garlic Naan
RST01350,Lanka Bites Muwaileh,Sri Lankan,Sharjah,Muwaileh,378,36,9.52,42.82,48.26,0.358,0.773,3,Fish Ambul Thiyal
RST01361,Spice Route Marina,Indian,Dubai,Marina,353,38,10.76,44.72,250.37,0.372,0.782,10,Butter Chicken
RST01378,Bombay Kitchen Al Jurf,Indian,Ajman,Al Jurf,387,44,11.37,43.61,61.52,0.348,0.846,10,Dal Makhani
RST01393,Namaste Kitchen Palm Jumeirah,Indian,Dubai,Palm Jumeirah,362,48,13.26,43.71,256.75,0.404,0.636,10,Dal Makhani
RST01399,Punjab Grill Downtown,Indian,Dubai,Downtown,387,56,14.47,43.01,245.54,0.413,0.563,10,Samosa (2pcs)
RST01407,Maharaja Palace Jumeirah,Indian,Dubai,Jumeirah,356,37,10.39,41.75,117.14,0.383,0.672,10,Mango Lassi
RST01409,Arabian Nights Kitchen Oud Metha,Arabic,Dubai,Oud Metha,376,29,7.71,40.32,134.17,0.335,0.857,10,Falafel Wrap
RST01414,Pinoy Kitchen Satwa,Filipino,Dubai,Satwa,356,29,8.15,43.75,47.64,0.31,0.981,10,Crispy Pata
RST01415,Katsu Corner Silicon Oasis,Japanese,Dubai,Silicon Oasis,371,35,9.43,42.88,74.31,0.363,0.756,10,Tonkotsu Ramen
RST01417,Bella Napoli Al Nahda,Italian,Sharjah,Al Nahda,389,57,14.65,41.75,70.02,0.432,0.488,10,Penne Arrabbiata
RST01419,Maharaja Palace Al Khalidiyah,Indian,Abu Dhabi,Al Khalidiyah,400,56,14.0,43.47,115.51,0.421,0.591,10,Butter Chicken
RST01426,Pampanga Kitchen Dubai Hills,Filipino,Dubai,Dubai Hills,395,53,13.42,41.98,202.82,0.442,0.441,10,Halo Halo
RST01427,Pampanga Kitchen Shahama,Filipino,Abu Dhabi,Shahama,390,41,10.51,43.29,49.64,0.363,0.776,10,Beef Caldereta
RST01433,Chao Fan Express Bur Dubai,Chinese,Dubai,Bur Dubai,392,41,10.46,43.81,58.03,0.372,0.723,10,Peking Duck Wrap
RST01434,Curry Leaf Discovery Gardens,Indian,Dubai,Discovery Gardens,408,45,11.03,43.64,60.74,0.338,0.856,10,Garlic Naan
RST01443,Mandi House Al Rashidiya,Arabic,Ajman,Al Rashidiya,397,38,9.57,44.82,61.83,0.338,0.884,10,Hummus Platter
RST01458,Tagalog Tastes Jumeirah Village Triangle,Filipino,Dubai,Jumeirah Village Triangle,397,35,8.82,42.02,95.69,0.359,0.76,10,Sinigang na Baboy
RST01460,Wasabi Kitchen Mirdif,Japanese,Dubai,Mirdif,382,52,13.61,41.91,149.52,0.398,0.627,10,Edamame
RST01467,Lucky Wok Al Majaz,Chinese,Sharjah,Al Majaz,410,67,16.34,42.1,54.98,0.457,0.365,10,Sweet & Sour Pork
RST01470,Fattoush Kitchen Yas Island,Lebanese,Abu Dhabi,Yas Island,408,46,11.27,42.74,246.52,0.353,0.82,10,Warak Dawali
RST01500,Nonna Rosa Jumeirah,Italian,Dubai,Jumeirah,397,35,8.82,42.06,139.46,0.337,0.862,10,Chicken Parmigiana
RST01501,Royal Biryani House Downtown,Indian,Dubai,Downtown,364,30,8.24,42.54,247.09,0.362,0.783,10,Chicken Tikka Masala
RST01506,Wasabi Kitchen Festival City,Japanese,Dubai,Festival City,395,38,9.62,43.57,339.36,0.33,0.93,10,Dragon Roll
RST01523,Shawarma Station Palm Jumeirah,Arabic,Dubai,Palm Jumeirah,347,33,9.51,41.42,299.3,0.434,0.514,10,Grilled Hammour
RST01524,Jollibee Express Discovery Gardens,Filipino,Dubai,Discovery Gardens,386,70,18.13,43.84,46.63,0.466,0.38,10,Halo Halo
RST01535,Haleem Express Al Taawun,Pakistani,Sharjah,Al Taawun,378,42,11.11,42.61,47.8,0.341,0.896,10,Sheer Khurma
RST01537,Sarap Dito Marina,Filipino,Dubai,Marina,356,24,6.74,44.66,211.92,0.319,0.95,10,Chicken Adobo
RST01553,Al Fanar Palm Jumeirah,Arabic,Dubai,Palm Jumeirah,386,31,8.03,43.51,295.97,0.325,0.912,10,Lamb Mandi
RST01595,Lutong Bahay JLT,Filipino,Dubai,JLT,394,42,10.66,44.16,96.01,0.361,0.78,10,Chicken Adobo
RST01596,Karachi Darbar Palm Jumeirah,Pakistani,Dubai,Palm Jumeirah,336,51,15.18,44.41,226.4,0.416,0.542,10,Seekh Kebab
RST01621,Bedouin Kitchen Al Khalidiyah,Arabic,Abu Dhabi,Al Khalidiyah,403,49,12.16,42.47,126.71,0.408,0.596,10,Machboos
RST01623,Arabian Nights Kitchen International City,Arabic,Dubai,International City,371,44,11.86,41.37,63.48,0.415,0.533,10,Dates & Karak
RST01628,Al Fanar Shahama,Arabic,Abu Dhabi,Shahama,370,52,14.05,43.48,60.68,0.386,0.684,10,Grilled Hammour
RST01639,Babel Beirut Shahama,Lebanese,Abu Dhabi,Shahama,391,44,11.25,41.91,56.56,0.357,0.785,10,Shanklish Salad
RST01644,Suhoor Lounge Marina,Arabic,Dubai,Marina,341,28,8.21,44.35,300.96,0.369,0.737,10,Grilled Hammour
RST01648,Desi Zaika Al Quoz,Pakistani,Dubai,Al Quoz,388,32,8.25,44.19,52.29,0.369,0.757,10,Paya Soup
RST01654,Vesuvio Kitchen Jumeirah Village Triangle,Italian,Dubai,Jumeirah Village Triangle,373,45,12.06,41.75,142.72,0.367,0.742,10,Pasta Carbonara
RST01660,Shake Shack Express Downtown,American,Dubai,Downtown,361,40,11.08,44.45,259.28,0.379,0.725,10,Nashville Hot Tenders
RST01663,Tawlet Corniche,Lebanese,Abu Dhabi,Corniche,404,56,13.86,44.02,236.79,0.381,0.741,10,Warak Dawali
RST01674,Arabian Nights Kitchen Jumeirah,Arabic,Dubai,Jumeirah,369,47,12.74,43.4,133.17,0.364,0.749,10,Chicken Shawarma
RST01686,Katsu Corner Al Barsha,Japanese,Dubai,Al Barsha,350,29,8.29,41.96,143.5,0.333,0.877,10,Yakitori Skewers
RST01694,Masala Junction Al Majaz,Indian,Sharjah,Al Majaz,373,44,11.8,43.21,54.64,0.412,0.574,10,Chicken Biryani
RST01700,Al Waha Lebanese Festival City,Lebanese,Dubai,Festival City,362,40,11.05,44.05,255.41,0.333,0.845,10,Warak Dawali
RST01711,Punjab Grill Festival City,Indian,Dubai,Festival City,401,34,8.48,43.49,247.15,0.329,0.923,10,Samosa (2pcs)
RST01714,Bombay Kitchen Deira,Indian,Dubai,Deira,418,34,8.13,43.28,56.35,0.33,0.927,10,Samosa (2pcs)
RST01721,Suhoor Lounge Nad Al Sheba,Arabic,Dubai,Nad Al Sheba,404,44,10.89,40.81,129.54,0.355,0.788,10,Falafel Wrap
RST01733,Karachi Darbar Corniche,Pakistani,Abu Dhabi,Corniche,371,49,13.21,42.4,217.47,0.425,0.5,10,Paya Soup
RST01740,Spice Route Al Nuaimiya,Indian,Ajman,Al Nuaimiya,409,46,11.25,44.79,58.88,0.391,0.685,10,Palak Paneer
RST01742,Nihari House Silicon Oasis,Pakistani,Dubai,Silicon Oasis,418,60,14.35,42.35,52.34,0.442,0.47,10,Chapli Kebab
RST01778,Lahori Chaska Mirdif,Pakistani,Dubai,Mirdif,386,53,13.73,42.64,105.79,0.466,0.377,10,Nihari
RST01781,Cedar Tree Sports City,Lebanese,Dubai,Sports City,381,42,11.02,43.14,111.14,0.327,0.91,10,Lamb Kibbeh
RST01790,Shake Shack Express Palm Jumeirah,American,Dubai,Palm Jumeirah,403,61,15.14,44.46,262.05,0.455,0.421,10,Philly Cheesesteak
RST01792,Manila Garden Silicon Oasis,Filipino,Dubai,Silicon Oasis,393,36,9.16,43.29,44.21,0.347,0.805,10,Beef Caldereta
RST01815,Namaste Kitchen Al Karamah,Indian,Abu Dhabi,Al Karamah,408,30,7.35,42.97,110.44,0.328,0.903,10,Lamb Rogan Josh
RST01821,Mandi House Dubai South,Arabic,Dubai,Dubai South,395,36,9.11,41.86,64.81,0.334,0.876,10,Hummus Platter
RST01827,Al Dawaar Grill Al Nuaimiya,Arabic,Ajman,Al Nuaimiya,388,37,9.54,44.87,64.73,0.349,0.859,10,Falafel Wrap
RST01833,Chai & Spice JLT,Indian,Dubai,JLT,399,30,7.52,44.0,116.23,0.328,0.908,10,Mango Lassi
RST01834,Khaleeji Bites Mirdif,Arabic,Dubai,Mirdif,382,47,12.3,44.22,128.67,0.382,0.677,10,Grilled Hammour
RST01837,Nihari House Dubai Hills,Pakistani,Dubai,Dubai Hills,397,33,8.31,43.15,222.09,0.336,0.912,10,Sheer Khurma
RST01842,Bedouin Kitchen Muhaisnah,Arabic,Dubai,Muhaisnah,378,35,9.26,42.92,65.85,0.361,0.801,10,Falafel Wrap
RST01850,Wok to Walk Al Mushrif,Chinese,Abu Dhabi,Al Mushrif,412,38,9.22,43.96,110.78,0.359,0.811,10,Fried Rice Special
RST01855,Bombay Kitchen Al Nahda,Indian,Sharjah,Al Nahda,400,32,8.0,43.11,58.52,0.364,0.776,10,Garlic Naan
RST01880,Trattoria Roma Garhoud,Italian,Dubai,Garhoud,369,52,14.09,41.3,143.4,0.473,0.342,10,Bruschetta
RST01893,Bollywood Bites Al Zaab,Indian,Abu Dhabi,Al Zaab,352,32,9.09,44.44,58.22,0.365,0.744,10,Samosa (2pcs)
RST01894,Namaste Kitchen Jumeirah Village Circle,Indian,Dubai,Jumeirah Village Circle,376,33,8.78,42.49,121.27,0.366,0.778,10,Chicken Tikka Masala
RST01910,Peking House Al Taawun,Chinese,Sharjah,Al Taawun,382,42,10.99,43.41,56.74,0.38,0.696,10,Kung Pao Chicken
RST01936,Sisig Station JLT,Filipino,Dubai,JLT,396,49,12.37,43.02,104.52,0.333,0.879,10,Sisig Rice Bowl
RST01944,Nashville Hot Muwaileh,American,Sharjah,Muwaileh,398,56,14.07,41.04,59.04,0.433,0.5,10,Philly Cheesesteak
RST01946,Bedouin Kitchen Al Majaz,Arabic,Sharjah,Al Majaz,378,30,7.94,43.25,65.79,0.341,0.849,10,Dates & Karak
RST01950,Zaatar w Zeit Muwaileh,Lebanese,Sharjah,Muwaileh,394,34,8.63,42.68,56.56,0.34,0.896,10,Shanklish Salad
RST01968,Namaste Kitchen Motor City,Indian,Dubai,Motor City,367,52,14.17,41.19,112.05,0.406,0.573,10,Lamb Rogan Josh
RST01971,Sawadee Kitchen Marina,Thai,Dubai,Marina,398,42,10.55,43.22,224.29,0.348,0.819,5,Tom Yum Soup
RST01991,Spice Route Al Khalidiyah,Indian,Abu Dhabi,Al Khalidiyah,396,30,7.58,42.21,117.19,0.343,0.861,10,Butter Chicken
RST01997,Wok to Walk Oud Metha,Chinese,Dubai,Oud Metha,352,39,11.08,42.33,111.98,0.399,0.656,10,Mapo Tofu
RST02000,Dim Sum Palace Mirdif,Chinese,Dubai,Mirdif,445,59,13.26,43.27,112.94,0.389,0.712,10,Fried Rice Special
RST00012,Lucky Wok Al Majaz,Chinese,Sharjah,Al Majaz,376,40,10.64,45.14,55.08,0.382,0.719,10,Steamed Dumplings
RST00013,Karachi Darbar Khalifa City,Pakistani,Abu Dhabi,Khalifa City,357,47,13.17,43.72,105.89,0.412,0.603,10,Paya Soup
RST00020,Spice Route Marina,Indian,Dubai,Marina,382,39,10.21,43.05,241.71,0.434,0.506,10,Butter Chicken
RST00022,Curry Leaf Jumeirah,Indian,Dubai,Jumeirah,413,39,9.44,43.51,112.04,0.384,0.707,10,Dal Makhani
RST00027,Tandoor House Al Karamah,Indian,Abu Dhabi,Al Karamah,380,43,11.32,43.64,117.63,0.37,0.726,10,Samosa (2pcs)
RST00033,Namaste Kitchen Al Taawun,Indian,Sharjah,Al Taawun,372,46,12.37,41.08,57.25,0.438,0.467,10,Chicken Biryani
RST00035,The Wing Co Downtown,American,Dubai,Downtown,402,36,8.96,42.68,262.62,0.362,0.781,10,Loaded Fries
RST00037,Shawarma Station Al Jurf,Arabic,Ajman,Al Jurf,389,33,8.48,41.44,65.88,0.35,0.792,10,Hummus Platter
RST00039,Delhi Darbar Garhoud,Indian,Dubai,Garhoud,410,35,8.54,42.71,114.33,0.358,0.797,10,Gulab Jamun
RST00049,Sarap Dito Business Bay,Filipino,Dubai,Business Bay,404,45,11.14,43.07,96.99,0.38,0.696,10,Sisig Rice Bowl
RST00056,BBQ Smokehouse Tourist Club Area,American,Abu Dhabi,Tourist Club Area,390,51,13.08,44.26,120.51,0.363,0.755,10,Mac & Cheese
RST00057,Babel Beirut Khalifa City,Lebanese,Abu Dhabi,Khalifa City,394,37,9.39,41.49,115.94,0.347,0.825,10,Warak Dawali
RST00059,All American Diner Marina,American,Dubai,Marina,415,42,10.12,40.87,257.59,0.375,0.66,10,Onion Rings
RST00070,Leila Restaurant Downtown,Lebanese,Dubai,Downtown,403,38,9.43,41.96,252.51,0.331,0.901,10,Chicken Tawook
RST00076,Namaste Kitchen JLT,Indian,Dubai,JLT,396,47,11.87,43.44,112.08,0.396,0.638,10,Butter Chicken
RST00082,Peking House JLT,Chinese,Dubai,JLT,372,38,10.22,46.83,110.94,0.357,0.874,10,Kung Pao Chicken
RST00104,Sarap Dito Palm Jumeirah,Filipino,Dubai,Palm Jumeirah,409,33,8.07,43.94,195.65,0.341,0.901,10,Crispy Pata
RST00108,Sawadee Kitchen Al Nahda,Thai,Sharjah,Al Nahda,409,36,8.8,41.64,55.51,0.319,0.942,5,Pad Thai
RST00119,Suhoor Lounge Al Nuaimiya,Arabic,Ajman,Al Nuaimiya,392,43,10.97,43.27,64.41,0.411,0.595,10,Mixed Grill
RST00134,Jollibee Express Al Barsha,Filipino,Dubai,Al Barsha,365,39,10.68,43.67,98.07,0.334,0.869,10,Halo Halo
RST00151,Maharaja Palace Sports City,Indian,Dubai,Sports City,352,49,13.92,44.47,116.83,0.444,0.438,10,Mango Lassi
RST00152,Sisig Station DIFC,Filipino,Dubai,DIFC,423,49,11.58,43.4,202.12,0.363,0.775,10,Kare Kare
RST00159,Royal Biryani House Bur Dubai,Indian,Dubai,Bur Dubai,379,35,9.23,44.49,56.64,0.368,0.79,10,Butter Chicken
RST00165,Tagalog Tastes Al Jurf,Filipino,Ajman,Al Jurf,378,25,6.61,42.89,49.93,0.339,0.839,10,Sisig Rice Bowl
RST00168,The Wing Co International City,American,Dubai,International City,390,28,7.18,42.15,62.32,0.305,0.982,10,Classic Smash Burger
RST00171,Royal Biryani House Al Barsha,Indian,Dubai,Al Barsha,368,48,13.04,41.53,118.44,0.408,0.581,10,Chicken Biryani
RST00179,Noodle Bar Shanghai Al Majaz,Chinese,Sharjah,Al Majaz,387,48,12.4,44.08,55.7,0.421,0.56,10,Fried Rice Special
RST00180,Il Pomodoro Jumeirah,Italian,Dubai,Jumeirah,393,48,12.21,43.18,136.03,0.433,0.529,10,Lasagne al Forno
RST00185,Green Valley Pakistani Al Reem Island,Pakistani,Abu Dhabi,Al Reem Island,398,60,15.08,42.64,102.88,0.459,0.386,10,Aloo Gosht
RST00194,Dynasty Kitchen Jumeirah Village Circle,Chinese,Dubai,Jumeirah Village Circle,417,44,10.55,42.55,108.92,0.401,0.635,10,Kung Pao Chicken
RST00233,Chao Fan Express Garhoud,Chinese,Dubai,Garhoud,378,42,11.11,43.17,113.58,0.393,0.657,10,Kung Pao Chicken
RST00238,Royal Biryani House Masdar City,Indian,Abu Dhabi,Masdar City,397,36,9.07,43.34,120.19,0.419,0.56,10,Butter Chicken
RST00239,Pizza Express Dubai International City,Italian,Dubai,International City,343,28,8.16,43.44,68.42,0.361,0.77,10,Margherita Pizza
RST00240,Sarap Dito Garhoud,Filipino,Dubai,Garhoud,381,40,10.5,41.47,97.05,0.406,0.559,10,Pancit Canton
RST00246,Curry Leaf Al Taawun,Indian,Sharjah,Al Taawun,386,44,11.4,43.81,55.93,0.426,0.527,10,Chicken Tikka Masala
RST00260,Spice Route Al Quoz,Indian,Dubai,Al Quoz,410,49,11.95,41.84,54.81,0.369,0.781,10,Lamb Rogan Josh
RST00284,Bombay Kitchen Oud Metha,Indian,Dubai,Oud Metha,396,57,14.39,43.11,114.23,0.407,0.584,10,Palak Paneer
RST00285,Leila Restaurant Karama,Lebanese,Dubai,Karama,381,34,8.92,41.23,57.61,0.351,0.801,10,Baba Ghanoush
RST00288,Masala Junction Al Furjan,Indian,Dubai,Al Furjan,406,43,10.59,42.26,118.15,0.378,0.728,10,Garlic Naan
RST00295,Tandoor House Jumeirah,Indian,Dubai,Jumeirah,431,68,15.78,42.32,116.34,0.431,0.491,10,Palak Paneer
RST00302,Nonna Rosa Jumeirah Village Circle,Italian,Dubai,Jumeirah Village Circle,416,44,10.58,43.19,135.82,0.332,0.886,10,Risotto ai Funghi
RST00303,Nihari House Palm Jumeirah,Pakistani,Dubai,Palm Jumeirah,375,57,15.2,42.13,208.9,0.412,0.599,10,Aloo Gosht
RST00304,Delhi Darbar Business Bay,Indian,Dubai,Business Bay,398,39,9.8,41.96,116.51,0.377,0.696,10,Garlic Naan
RST00307,Pinoy Kitchen Al Majaz,Filipino,Sharjah,Al Majaz,380,43,11.32,42.18,47.22,0.351,0.83,10,Sinigang na Baboy
RST00330,Babel Beirut Al Barsha,Lebanese,Dubai,Al Barsha,352,31,8.81,42.83,111.33,0.328,0.936,10,Kafta Wrap
RST00331,Sarap Dito Jumeirah Village Triangle,Filipino,Dubai,Jumeirah Village Triangle,389,63,16.2,43.23,97.77,0.485,0.273,10,Beef Caldereta
RST00337,Babel Beirut Al Quoz,Lebanese,Dubai,Al Quoz,381,46,12.07,43.94,58.6,0.413,0.591,10,Chicken Tawook
RST00338,Tandoor House Al Taawun,Indian,Sharjah,Al Taawun,396,44,11.11,44.22,55.34,0.363,0.788,10,Dal Makhani
RST00344,Curry Leaf Al Nahda Dubai,Indian,Dubai,Al Nahda Dubai,452,43,9.51,43.83,58.87,0.347,0.829,10,Samosa (2pcs)
RST00345,Shawarma Station Al Muroor,Arabic,Abu Dhabi,Al Muroor,343,45,13.12,44.62,60.58,0.399,0.666,10,Dates & Karak
RST00346,Pinoy Kitchen Jumeirah Village Circle,Filipino,Dubai,Jumeirah Village Circle,393,44,11.2,43.3,98.79,0.363,0.763,10,Beef Caldereta
RST00350,Al Safadi Palm Jumeirah,Arabic,Dubai,Palm Jumeirah,417,58,13.91,44.07,301.74,0.475,0.41,10,Hummus Platter
RST00355,Nihari House Karama,Pakistani,Dubai,Karama,374,47,12.57,43.66,55.55,0.439,0.47,10,Aloo Gosht
RST00358,Ramen Republic JLT,Japanese,Dubai,JLT,368,45,12.23,42.86,153.8,0.354,0.809,10,Miso Soup
RST00383,Lahori Chaska Al Khalidiyah,Pakistani,Abu Dhabi,Al Khalidiyah,374,59,15.78,41.14,103.08,0.446,0.449,10,Karahi Chicken
RST00390,All American Diner Oud Metha,American,Dubai,Oud Metha,398,49,12.31,41.4,122.72,0.369,0.736,10,BBQ Chicken Wings
RST00392,Mezze House Saadiyat Island,Lebanese,Abu Dhabi,Saadiyat Island,392,38,9.69,43.48,242.63,0.342,0.849,10,Fattoush Salad
RST00394,Bollywood Bites Shahama,Indian,Abu Dhabi,Shahama,379,34,8.97,42.56,56.5,0.389,0.673,10,Palak Paneer
RST00395,Al Hamra Pakistani Mirdif,Pakistani,Dubai,Mirdif,370,42,11.35,43.22,102.28,0.364,0.772,10,Sheer Khurma
RST00396,Pinoy Kitchen Khalifa City,Filipino,Abu Dhabi,Khalifa City,390,34,8.72,43.92,95.38,0.349,0.832,10,Kare Kare
RST00405,All American Diner Discovery Gardens,American,Dubai,Discovery Gardens,359,23,6.41,43.49,60.3,0.346,0.868,10,Onion Rings
RST00412,Nihari House JLT,Pakistani,Dubai,JLT,397,47,11.84,42.92,101.14,0.424,0.514,10,Karahi Chicken
RST00415,Royal Biryani House Al Majaz,Indian,Sharjah,Al Majaz,396,44,11.11,42.43,58.43,0.389,0.67,10,Dal Makhani
RST00460,Lahori Chaska Oud Metha,Pakistani,Dubai,Oud Metha,376,64,17.02,42.95,105.55,0.47,0.364,10,Nihari
RST00471,Liberty Grill Sports City,American,Dubai,Sports City,382,46,12.04,43.27,116.81,0.369,0.764,10,Mac & Cheese
RST00474,Pinoy Kitchen Bur Dubai,Filipino,Dubai,Bur Dubai,367,65,17.71,42.07,51.7,0.514,0.206,10,Sinigang na Baboy
RST00475,Lucky Wok Jumeirah Village Circle,Chinese,Dubai,Jumeirah Village Circle,343,35,10.2,44.53,113.18,0.345,0.829,10,Sweet & Sour Pork
RST00499,Sisig Station Deira,Filipino,Dubai,Deira,412,50,12.14,42.39,48.96,0.376,0.694,10,Chicken Adobo
RST00504,Patty Perfect JLT,American,Dubai,JLT,377,49,13.0,42.87,119.51,0.385,0.706,10,Loaded Fries
RST00516,Lucky Wok Tourist Club Area,Chinese,Abu Dhabi,Tourist Club Area,369,32,8.67,43.69,111.28,0.356,0.798,10,Wonton Soup
RST00533,Delhi Darbar Al Jurf,Indian,Ajman,Al Jurf,388,32,8.25,43.37,57.42,0.344,0.849,10,Chicken Biryani
RST00537,Mumbai Street Food JLT,Indian,Dubai,JLT,365,31,8.49,43.01,115.52,0.349,0.832,10,Chicken Biryani
RST00564,Suhoor Lounge Dubai South,Arabic,Dubai,Dubai South,377,62,16.45,41.26,63.39,0.414,0.535,10,Hummus Platter
RST00571,Delhi Darbar Khalifa City,Indian,Abu Dhabi,Khalifa City,418,51,12.2,43.6,116.18,0.405,0.62,10,Mango Lassi
RST00572,Spice Route Al Furjan,Indian,Dubai,Al Furjan,380,36,9.47,43.9,110.59,0.365,0.737,10,Garlic Naan
RST00575,Sashimi Bar Bur Dubai,Japanese,Dubai,Bur Dubai,394,57,14.47,41.84,78.79,0.406,0.605,10,Edamame
RST00579,Tandoor House Creek Harbour,Indian,Dubai,Creek Harbour,342,45,13.16,43.24,246.8,0.4,0.615,10,Palak Paneer
RST00581,Khaleeji Bites Al Nahda,Arabic,Sharjah,Al Nahda,393,51,12.98,43.18,63.87,0.376,0.699,10,Chicken Shawarma
RST00585,Curry Leaf Al Zaab,Indian,Abu Dhabi,Al Zaab,395,32,8.1,40.9,57.42,0.332,0.864,10,Gulab Jamun
RST00625,Islamabad Grill DIFC,Pakistani,Dubai,DIFC,414,43,10.39,41.95,219.69,0.349,0.809,10,Haleem
RST00628,Bombay Kitchen Al Raha Beach,Indian,Abu Dhabi,Al Raha Beach,385,30,7.79,41.59,251.87,0.314,0.946,10,Butter Chicken
RST00632,Shawarma Station DIFC,Arabic,Dubai,DIFC,372,55,14.78,42.1,284.6,0.446,0.456,10,Dates & Karak
RST00637,Delhi Darbar Marina,Indian,Dubai,Marina,379,34,8.97,42.35,244.96,0.35,0.79,10,Garlic Naan
RST00647,Yakitori Yoshi Dubai Hills,Japanese,Dubai,Dubai Hills,389,39,10.03,42.0,379.19,0.326,0.884,10,Teriyaki Chicken Bowl
RST00662,BBQ Smokehouse Khalidiyah,American,Abu Dhabi,Khalidiyah,360,49,13.61,45.51,117.82,0.388,0.697,10,Classic Smash Burger
RST00667,Katsu Corner Silicon Oasis,Japanese,Dubai,Silicon Oasis,396,31,7.83,42.87,74.34,0.341,0.841,10,Yakitori Skewers
RST00683,Karachi Darbar Corniche,Pakistani,Abu Dhabi,Corniche,415,37,8.92,43.06,217.4,0.408,0.615,10,Chapli Kebab
RST00698,Adobo House Al Taawun,Filipino,Sharjah,Al Taawun,376,38,10.11,41.99,49.75,0.394,0.671,10,Crispy Pata
RST00719,Babel Beirut Al Nahda,Lebanese,Sharjah,Al Nahda,387,43,11.11,43.84,58.01,0.39,0.651,10,Fattoush Salad
RST00731,Jollibee Express Arabian Ranches,Filipino,Dubai,Arabian Ranches,373,45,12.06,43.14,94.03,0.404,0.616,10,Pancit Canton
RST00734,Five Guys Kitchen Sports City,American,Dubai,Sports City,399,58,14.54,43.91,118.68,0.448,0.436,10,Onion Rings
RST00740,Burrito Bandido Yas Island,Mexican,Abu Dhabi,Yas Island,389,61,15.68,45.43,220.22,0.418,0.594,3,Loaded Nachos
RST00750,Desi Zaika Khalifa City,Pakistani,Abu Dhabi,Khalifa City,373,34,9.12,43.25,103.97,0.374,0.72,10,Mutton Biryani
RST00751,Tandoor House Al Taawun,Indian,Sharjah,Al Taawun,404,38,9.41,41.52,58.77,0.324,0.912,10,Gulab Jamun
RST00766,Desi Zaika Al Taawun,Pakistani,Sharjah,Al Taawun,374,34,9.09,42.62,51.06,0.381,0.7,10,Haleem
RST00773,Dynasty Kitchen Al Majaz,Chinese,Sharjah,Al Majaz,401,55,13.72,42.87,54.03,0.406,0.599,10,Mapo Tofu
RST00777,Nihari House Yas Island,Pakistani,Abu Dhabi,Yas Island,426,66,15.49,42.98,231.14,0.502,0.236,10,Seekh Kebab
RST00795,Peshawar Wala Festival City,Pakistani,Dubai,Festival City,361,43,11.91,43.46,224.51,0.416,0.618,10,Seekh Kebab
RST00799,Golden Curry Al Reem Island,Indian,Abu Dhabi,Al Reem Island,387,69,17.83,41.83,116.64,0.423,0.484,10,Garlic Naan
RST00801,Suhoor Lounge Arabian Ranches,Arabic,Dubai,Arabian Ranches,369,42,11.38,43.63,124.11,0.392,0.652,10,Falafel Wrap
RST00813,Adobo House Palm Jumeirah,Filipino,Dubai,Palm Jumeirah,402,45,11.19,44.11,199.46,0.319,0.944,10,Chicken Adobo
RST00815,Adobo House DIFC,Filipino,Dubai,DIFC,396,61,15.4,42.81,203.4,0.419,0.524,10,Halo Halo
RST00820,Royal Biryani House Deira,Indian,Dubai,Deira,385,30,7.79,45.45,56.34,0.346,0.872,10,Butter Chicken
RST00822,Nonna Rosa Muwaileh,Italian,Sharjah,Muwaileh,387,45,11.63,42.75,69.9,0.379,0.725,10,Cannoli Siciliani
RST00825,Khaleeji Bites Tourist Club Area,Arabic,Abu Dhabi,Tourist Club Area,389,43,11.05,42.57,131.94,0.365,0.744,10,Hummus Platter
RST00835,Izakaya House Al Majaz,Japanese,Sharjah,Al Majaz,373,27,7.24,42.62,78.32,0.347,0.831,10,Teriyaki Chicken Bowl
RST00842,Sawadee Kitchen Al Taawun,Thai,Sharjah,Al Taawun,365,37,10.14,42.45,53.26,0.327,0.915,5,Green Curry Chicken
RST00866,Nashville Hot Al Taawun,American,Sharjah,Al Taawun,393,33,8.4,41.62,64.0,0.403,0.579,10,Mac & Cheese
RST00872,Peshawar Wala Dubai Hills,Pakistani,Dubai,Dubai Hills,378,37,9.79,42.85,230.23,0.36,0.838,10,Nihari
RST00873,Khaleeji Bites Al Raha Beach,Arabic,Abu Dhabi,Al Raha Beach,371,40,10.78,42.99,300.08,0.345,0.837,10,Hummus Platter
RST00880,Lutong Bahay Muwaileh,Filipino,Sharjah,Muwaileh,391,44,11.25,43.57,48.36,0.413,0.555,10,Halo Halo
RST00887,Bombay Kitchen Al Nahda,Indian,Sharjah,Al Nahda,412,35,8.5,43.05,57.07,0.37,0.752,10,Mango Lassi
RST00896,Emirati Table Festival City,Arabic,Dubai,Festival City,405,33,8.15,41.95,296.96,0.347,0.825,10,Grilled Hammour
RST00897,Spice Route Karama,Indian,Dubai,Karama,396,47,11.87,42.32,56.25,0.33,0.883,10,Palak Paneer
RST00905,Babel Beirut Silicon Oasis,Lebanese,Dubai,Silicon Oasis,374,51,13.64,43.98,56.39,0.417,0.576,10,Lamb Kibbeh
RST00912,Sarap Dito Palm Jumeirah,Filipino,Dubai,Palm Jumeirah,396,41,10.35,41.75,199.26,0.322,0.909,10,Halo Halo
RST00914,Bombay Kitchen Mirdif,Indian,Dubai,Mirdif,347,38,10.95,41.12,115.3,0.394,0.613,10,Chicken Biryani
RST00915,Khaleeji Bites Al Taawun,Arabic,Sharjah,Al Taawun,394,55,13.96,44.18,62.4,0.445,0.437,10,Falafel Wrap
RST00930,El Rancho Mexican Al Muroor,Mexican,Abu Dhabi,Al Muroor,414,36,8.7,42.57,59.16,0.349,0.833,3,Beef Tacos (3pcs)
RST00936,Golden Curry Marina,Indian,Dubai,Marina,370,30,8.11,43.38,243.34,0.335,0.873,10,Palak Paneer
RST00966,Haleem Express Downtown,Pakistani,Dubai,Downtown,414,39,9.42,42.41,220.09,0.381,0.708,10,Mutton Biryani
RST00974,Golden Curry Mirdif,Indian,Dubai,Mirdif,363,43,11.85,44.21,118.3,0.352,0.835,10,Butter Chicken
RST00986,Maharaja Palace Khalifa City,Indian,Abu Dhabi,Khalifa City,375,46,12.27,40.63,118.8,0.353,0.773,10,Palak Paneer
RST00992,Katsu Corner Khalidiyah,Japanese,Abu Dhabi,Khalidiyah,381,36,9.45,44.5,154.93,0.349,0.843,10,Tonkotsu Ramen
RST00995,Edo Japanese Jumeirah,Japanese,Dubai,Jumeirah,372,23,6.18,42.98,152.57,0.303,0.986,10,Matcha Ice Cream
RST01012,Al Safadi Downtown,Arabic,Dubai,Downtown,377,30,7.96,43.89,295.73,0.332,0.871,10,Hummus Platter
RST01019,Punjab Grill Al Nahda,Indian,Sharjah,Al Nahda,386,43,11.14,41.77,56.06,0.372,0.751,10,Samosa (2pcs)
RST01020,Vesuvio Kitchen Business Bay,Italian,Dubai,Business Bay,379,57,15.04,41.16,143.82,0.426,0.515,10,Risotto ai Funghi
RST01025,Adobo House Al Majaz,Filipino,Sharjah,Al Majaz,387,46,11.89,41.86,48.91,0.336,0.877,10,Chicken Adobo
RST01034,Arabian Nights Kitchen Mohammed Bin Zayed City,Arabic,Abu Dhabi,Mohammed Bin Zayed City,396,38,9.6,43.52,63.57,0.344,0.867,10,Machboos
RST01035,Shawarma Station Dubai Hills,Arabic,Dubai,Dubai Hills,368,35,9.51,41.16,294.63,0.336,0.861,10,Dates & Karak
RST01045,BBQ Smokehouse Al Reef,American,Abu Dhabi,Al Reef,394,33,8.38,43.48,61.37,0.353,0.827,10,Mac & Cheese
RST01056,All American Diner Mirdif,American,Dubai,Mirdif,375,35,9.33,44.54,116.77,0.338,0.909,10,Classic Smash Burger
RST01063,Lahori Chaska Motor City,Pakistani,Dubai,Motor City,378,53,14.02,41.76,104.27,0.443,0.449,10,Karahi Chicken
RST01071,Wok to Walk Satwa,Chinese,Dubai,Satwa,432,32,7.41,43.66,54.23,0.339,0.863,10,Mapo Tofu
RST01100,Adobo House Deira,Filipino,Dubai,Deira,376,38,10.11,42.47,50.55,0.384,0.694,10,Halo Halo
RST01104,Spice Route Mohammed Bin Zayed City,Indian,Abu Dhabi,Mohammed Bin Zayed City,385,63,16.36,42.25,55.52,0.417,0.544,10,Lamb Rogan Josh
RST01121,Chai & Spice Khalifa City,Indian,Abu Dhabi,Khalifa City,403,34,8.44,43.37,111.32,0.375,0.76,10,Dal Makhani
RST01123,Leila Restaurant Deira,Lebanese,Dubai,Deira,401,31,7.73,42.57,58.28,0.321,0.928,10,Knafeh
RST01126,Patty Perfect Jumeirah Village Circle,American,Dubai,Jumeirah Village Circle,427,48,11.24,42.75,115.5,0.339,0.856,10,BBQ Chicken Wings
RST01130,Burger District Silicon Oasis,American,Dubai,Silicon Oasis,364,30,8.24,43.35,58.69,0.317,0.905,10,Crispy Chicken Sandwich
RST01132,Bollywood Bites Palm Jumeirah,Indian,Dubai,Palm Jumeirah,380,42,11.05,41.81,248.66,0.409,0.547,10,Chicken Biryani
RST01136,Golden Dragon Palm Jumeirah,Chinese,Dubai,Palm Jumeirah,396,39,9.85,43.1,232.1,0.404,0.606,10,Mapo Tofu
RST01145,Namaste Kitchen Jumeirah Village Circle,Indian,Dubai,Jumeirah Village Circle,365,37,10.14,43.64,109.96,0.336,0.914,10,Samosa (2pcs)
RST01147,Bombay Kitchen Al Khalidiyah,Indian,Abu Dhabi,Al Khalidiyah,390,32,8.21,42.83,120.36,0.331,0.904,10,Palak Paneer
RST01152,Mandi House Satwa,Arabic,Dubai,Satwa,361,42,11.63,42.47,64.46,0.387,0.704,10,Hummus Platter
RST01173,Karachi Darbar Jumeirah,Pakistani,Dubai,Jumeirah,389,40,10.28,42.22,101.56,0.359,0.771,10,Sheer Khurma
RST01181,Desi Zaika Muwaileh,Pakistani,Sharjah,Muwaileh,398,42,10.55,42.88,52.11,0.409,0.601,10,Nihari
RST01182,Bombay Kitchen Jumeirah Village Circle,Indian,Dubai,Jumeirah Village Circle,361,31,8.59,42.18,111.96,0.327,0.926,10,Samosa (2pcs)
RST01200,BBQ Smokehouse Khalidiyah,American,Abu Dhabi,Khalidiyah,376,45,11.97,44.26,121.98,0.372,0.718,10,Loaded Fries
RST01204,Pizza Express Dubai Creek Harbour,Italian,Dubai,Creek Harbour,378,56,14.81,42.75,325.23,0.418,0.551,10,Risotto ai Funghi
RST01211,Suhoor Lounge Electra Street,Arabic,Abu Dhabi,Electra Street,375,33,8.8,43.01,124.04,0.381,0.71,10,Lamb Mandi
RST01214,Amalfi Table Karama,Italian,Dubai,Karama,375,36,9.6,41.28,72.08,0.366,0.769,10,Bruschetta
RST01223,Manila Garden Bur Dubai,Filipino,Dubai,Bur Dubai,378,40,10.58,43.25,51.9,0.401,0.634,10,Crispy Pata
RST01226,Punjab Grill Oud Metha,Indian,Dubai,Oud Metha,407,38,9.34,42.0,117.73,0.38,0.681,10,Gulab Jamun
RST01252,Chai & Spice Shahama,Indian,Abu Dhabi,Shahama,391,60,15.35,43.39,55.33,0.419,0.519,10,Mango Lassi
RST01255,Al Safadi Al Nahda,Arabic,Sharjah,Al Nahda,351,37,10.54,41.53,62.18,0.389,0.666,10,Chicken Shawarma
RST01268,Ihaw Ihaw Deira,Filipino,Dubai,Deira,409,44,10.76,41.12,50.71,0.351,0.818,10,Crispy Pata
RST01274,Bollywood Bites Arabian Ranches,Indian,Dubai,Arabian Ranches,386,53,13.73,43.81,114.53,0.443,0.49,10,Samosa (2pcs)
RST01276,Jollibee Express Electra Street,Filipino,Abu Dhabi,Electra Street,372,49,13.17,42.86,94.48,0.445,0.421,10,Lechon Kawali
RST01292,Tokyo Kitchen Deira,Japanese,Dubai,Deira,405,45,11.11,41.88,77.26,0.47,0.335,10,Dragon Roll
RST01293,Al Safadi Marina,Arabic,Dubai,Marina,391,38,9.72,42.8,302.76,0.375,0.745,10,Hummus Platter
RST01302,Sisig Station Business Bay,Filipino,Dubai,Business Bay,385,41,10.65,43.97,101.25,0.4,0.633,10,Chicken Adobo
RST01315,Tandoor House Al Taawun,Indian,Sharjah,Al Taawun,379,44,11.61,41.45,59.58,0.341,0.837,10,Palak Paneer
RST01320,Burger District Motor City,American,Dubai,Motor City,387,59,15.25,41.79,126.73,0.43,0.505,10,Crispy Chicken Sandwich
RST01322,Yakitori Yoshi JLT,Japanese,Dubai,JLT,415,49,11.81,43.2,154.29,0.39,0.665,10,Yakitori Skewers
RST01354,Cedar Tree Al Shamkha,Lebanese,Abu Dhabi,Al Shamkha,360,37,10.28,42.04,57.26,0.336,0.89,10,Kafta Wrap
RST01368,Noodle Bar Shanghai Masdar City,Chinese,Abu Dhabi,Masdar City,402,35,8.71,41.55,110.14,0.381,0.675,10,Steamed Dumplings
RST01369,Arabian Nights Kitchen Dubai Hills,Arabic,Dubai,Dubai Hills,363,39,10.74,44.38,303.2,0.373,0.742,10,Kabsa
RST01377,Jade Garden Al Quoz,Chinese,Dubai,Al Quoz,374,51,13.64,43.93,55.77,0.378,0.704,10,Mapo Tofu
RST01395,Curry Leaf Business Bay,Indian,Dubai,Business Bay,410,43,10.49,43.23,116.29,0.407,0.615,10,Chicken Biryani
RST01396,Mezze House Jumeirah Village Circle,Lebanese,Dubai,Jumeirah Village Circle,379,37,9.76,43.48,115.41,0.352,0.862,10,Mezze Platter
RST01402,Burger District Deira,American,Dubai,Deira,390,42,10.77,43.62,59.91,0.368,0.759,10,BBQ Chicken Wings
RST01471,Jade Garden Jumeirah,Chinese,Dubai,Jumeirah,401,40,9.98,42.71,114.27,0.383,0.7,10,Peking Duck Wrap
RST01476,Pad Thai House Al Furjan,Thai,Dubai,Al Furjan,389,33,8.48,43.44,104.45,0.329,0.915,5,Tom Yum Soup
RST01478,Tandoor House Yas Island,Indian,Abu Dhabi,Yas Island,393,55,13.99,42.82,252.22,0.377,0.704,10,Garlic Naan
RST01484,Edo Japanese Mohammed Bin Zayed City,Japanese,Abu Dhabi,Mohammed Bin Zayed City,395,34,8.61,41.78,75.8,0.321,0.921,10,Edamame
RST01491,Dim Sum Palace Saadiyat Island,Chinese,Abu Dhabi,Saadiyat Island,371,47,12.67,44.01,219.41,0.39,0.677,10,Fried Rice Special
RST01497,Royal Biryani House Al Khalidiyah,Indian,Abu Dhabi,Al Khalidiyah,379,40,10.55,43.31,120.88,0.375,0.71,10,Chicken Tikka Masala
RST01525,Al Safadi Business Bay,Arabic,Dubai,Business Bay,402,54,13.43,44.33,128.01,0.405,0.633,10,Mixed Grill
RST01541,All American Diner Khalidiyah,American,Abu Dhabi,Khalidiyah,372,41,11.02,45.12,124.06,0.39,0.719,10,Crispy Chicken Sandwich
RST01543,Al Hamra Pakistani Downtown,Pakistani,Dubai,Downtown,422,58,13.74,43.13,215.35,0.37,0.708,10,Daal Chawal
RST01545,Al Fanar Al Raha Beach,Arabic,Abu Dhabi,Al Raha Beach,368,35,9.51,42.87,294.35,0.357,0.824,10,Mixed Grill
RST01546,Delhi Darbar Silicon Oasis,Indian,Dubai,Silicon Oasis,368,35,9.51,42.07,58.2,0.375,0.698,10,Butter Chicken
RST01551,Tokyo Kitchen Jumeirah,Japanese,Dubai,Jumeirah,399,44,11.03,43.79,151.05,0.428,0.492,10,Yakitori Skewers
RST01572,Patty Perfect Motor City,American,Dubai,Motor City,411,46,11.19,44.21,125.22,0.372,0.739,10,Classic Smash Burger
RST01576,Maharaja Palace Muwaileh,Indian,Sharjah,Muwaileh,365,36,9.86,41.82,56.3,0.348,0.864,10,Mango Lassi
RST01582,BBQ Smokehouse Al Majaz,American,Sharjah,Al Majaz,360,42,11.67,41.59,61.32,0.428,0.483,10,Crispy Chicken Sandwich
RST01588,Vesuvio Kitchen Business Bay,Italian,Dubai,Business Bay,375,32,8.53,43.75,141.22,0.338,0.849,10,Lasagne al Forno
RST01590,All American Diner Al Zaab,American,Abu Dhabi,Al Zaab,388,53,13.66,43.49,60.31,0.37,0.707,10,Crispy Chicken Sandwich
RST01598,Desi Zaika Electra Street,Pakistani,Abu Dhabi,Electra Street,397,51,12.85,42.13,97.76,0.405,0.632,10,Nihari
RST01601,Karachi Darbar Business Bay,Pakistani,Dubai,Business Bay,349,34,9.74,43.06,106.77,0.362,0.788,10,Sheer Khurma
RST01606,Delhi Darbar Al Majaz,Indian,Sharjah,Al Majaz,439,34,7.74,41.76,59.27,0.33,0.889,10,Butter Chicken
RST01609,Al Safadi Marina,Arabic,Dubai,Marina,428,36,8.41,42.3,285.88,0.361,0.807,10,Lamb Mandi
RST01615,Tawlet Motor City,Lebanese,Dubai,Motor City,349,29,8.31,41.69,108.65,0.342,0.829,10,Manakeesh Zaatar
RST01622,Edo Japanese Marina,Japanese,Dubai,Marina,421,47,11.16,43.92,370.13,0.381,0.681,10,Yakitori Skewers
RST01626,Bella Napoli Marina,Italian,Dubai,Marina,379,38,10.03,44.53,341.81,0.374,0.71,10,Cannoli Siciliani
RST01634,Desi Zaika Business Bay,Pakistani,Dubai,Business Bay,376,53,14.1,41.44,105.99,0.433,0.492,10,Mutton Biryani
RST01650,Smash & Stack Nad Al Sheba,American,Dubai,Nad Al Sheba,390,51,13.08,42.64,121.29,0.463,0.353,10,Chocolate Milkshake
RST01661,Curry Leaf Al Nahda,Indian,Sharjah,Al Nahda,426,44,10.33,44.54,58.52,0.408,0.566,10,Chicken Tikka Masala
RST01664,Bombay Kitchen Silicon Oasis,Indian,Dubai,Silicon Oasis,404,51,12.62,43.1,57.46,0.405,0.596,10,Palak Paneer
RST01678,The Wing Co Arabian Ranches,American,Dubai,Arabian Ranches,376,39,10.37,43.44,122.24,0.364,0.774,10,Beef Hot Dog
RST01680,BBQ Tonight Motor City,Pakistani,Dubai,Motor City,410,46,11.22,42.57,103.99,0.414,0.597,10,Nihari
RST01685,Capricciosa Yas Island,Italian,Abu Dhabi,Yas Island,373,60,16.09,41.76,326.97,0.454,0.403,10,Risotto ai Funghi
RST01691,Namaste Kitchen Al Nahda,Indian,Sharjah,Al Nahda,383,21,5.48,42.71,56.25,0.312,0.947,10,Samosa (2pcs)
RST01710,Burger District Al Reef,American,Abu Dhabi,Al Reef,370,42,11.35,41.81,63.7,0.336,0.877,10,Mac & Cheese
RST01729,Capricciosa Motor City,Italian,Dubai,Motor City,385,40,10.39,41.86,136.95,0.356,0.821,10,Chicken Parmigiana
RST01744,Fattoush Kitchen Downtown,Lebanese,Dubai,Downtown,386,30,7.77,42.05,227.83,0.329,0.904,10,Lamb Kibbeh
RST01747,The Wing Co Al Reef,American,Abu Dhabi,Al Reef,381,50,13.12,45.46,58.81,0.426,0.541,10,Loaded Fries
RST01748,Noodle Bar Shanghai Al Jurf,Chinese,Ajman,Al Jurf,405,32,7.9,41.87,52.78,0.334,0.862,10,Beef Chow Mein
RST01750,All American Diner Dubai Hills,American,Dubai,Dubai Hills,405,37,9.14,43.72,254.25,0.386,0.695,10,Chocolate Milkshake
RST01757,Edo Japanese JLT,Japanese,Dubai,JLT,386,38,9.84,44.15,156.92,0.387,0.675,10,Salmon Sushi Roll
RST01814,Delhi Darbar Al Taawun,Indian,Sharjah,Al Taawun,404,61,15.1,41.77,58.87,0.471,0.367,10,Palak Paneer
RST01819,Al Dawaar Grill Arabian Ranches,Arabic,Dubai,Arabian Ranches,411,63,15.33,43.72,126.71,0.454,0.441,10,Chicken Shawarma
RST01832,Five Guys Kitchen Marina,American,Dubai,Marina,365,42,11.51,41.3,272.18,0.401,0.604,10,Philly Cheesesteak
RST01836,Dumpling Republic Muwaileh,Chinese,Sharjah,Muwaileh,374,71,18.98,43.11,53.52,0.45,0.425,10,Sweet & Sour Pork
RST01845,Namaste Kitchen Muwaileh,Indian,Sharjah,Muwaileh,366,40,10.93,42.14,55.22,0.358,0.795,10,Garlic Naan
RST01846,Bangkok Bites Al Majaz,Thai,Sharjah,Al Majaz,388,59,15.21,43.16,54.25,0.448,0.44,5,Pad Thai
RST01847,Dumpling Republic Motor City,Chinese,Dubai,Motor City,405,41,10.12,42.4,106.01,0.36,0.813,10,Steamed Dumplings
RST01851,Pampanga Kitchen Business Bay,Filipino,Dubai,Business Bay,381,33,8.66,42.63,95.61,0.323,0.963,10,Sinigang na Baboy
RST01870,Five Guys Kitchen Business Bay,American,Dubai,Business Bay,398,46,11.56,42.27,121.04,0.357,0.815,10,Loaded Fries
RST01883,Spice Route Marina,Indian,Dubai,Marina,372,46,12.37,43.38,250.32,0.377,0.741,10,Gulab Jamun
RST01887,Golden Curry Al Nahda,Indian,Sharjah,Al Nahda,399,49,12.28,43.04,60.34,0.404,0.618,10,Gulab Jamun
RST01906,Katsu Corner Al Barsha,Japanese,Dubai,Al Barsha,405,51,12.59,43.74,150.33,0.413,0.602,10,Dragon Roll
RST01918,Masala Junction Al Raha Beach,Indian,Abu Dhabi,Al Raha Beach,391,29,7.42,43.6,233.71,0.312,0.99,10,Mango Lassi
RST01920,Bombay Kitchen JLT,Indian,Dubai,JLT,356,32,8.99,42.96,123.5,0.334,0.9,10,Chicken Biryani
RST01929,Al Safadi Business Bay,Arabic,Dubai,Business Bay,364,38,10.44,45.04,124.02,0.365,0.782,10,Falafel Wrap
RST01934,Curry Leaf Al Nahda,Indian,Sharjah,Al Nahda,385,48,12.47,42.77,54.84,0.362,0.755,10,Dal Makhani
RST01937,Emirati Table Muwaileh,Arabic,Sharjah,Muwaileh,412,37,8.98,42.49,64.88,0.36,0.798,10,Lamb Mandi
RST01939,Nonna Rosa Satwa,Italian,Dubai,Satwa,387,37,9.56,42.24,71.45,0.385,0.685,10,Caprese Salad
RST01941,Bombay Kitchen JLT,Indian,Dubai,JLT,430,52,12.09,42.67,112.5,0.419,0.531,10,Chicken Tikka Masala
RST01964,Ihaw Ihaw Al Nahda,Filipino,Sharjah,Al Nahda,421,44,10.45,43.2,52.77,0.392,0.66,10,Lechon Kawali
RST01977,Izakaya House DIFC,Japanese,Dubai,DIFC,360,47,13.06,41.69,343.96,0.406,0.584,10,Tonkotsu Ramen
RST01986,Tandoor House Dubai Hills,Indian,Dubai,Dubai Hills,403,33,8.19,42.4,245.47,0.346,0.835,10,Chicken Tikka Masala
RST00001,Smash & Stack Satwa,American,Dubai,Satwa,414,41,9.9,43.34,62.83,0.337,0.843,10,Beef Hot Dog
RST00014,Thai Orchid Palm Jumeirah,Thai,Dubai,Palm Jumeirah,388,45,11.6,43.06,215.4,0.412,0.602,5,Pad Thai
RST00015,Trattoria Roma Palm Jumeirah,Italian,Dubai,Palm Jumeirah,411,40,9.73,42.14,335.87,0.318,0.943,10,Lasagne al Forno
RST00044,Tandoor House Al Shamkha,Indian,Abu Dhabi,Al Shamkha,399,44,11.03,43.0,58.89,0.355,0.793,10,Chicken Biryani
RST00047,Namaste Kitchen Al Nahda,Indian,Sharjah,Al Nahda,381,33,8.66,43.77,61.57,0.334,0.932,10,Butter Chicken
RST00058,Royal Biryani House Business Bay,Indian,Dubai,Business Bay,371,39,10.51,44.33,114.19,0.383,0.744,10,Palak Paneer
RST00067,Golden Curry Marina,Indian,Dubai,Marina,369,24,6.5,42.76,256.48,0.33,0.898,10,Samosa (2pcs)
RST00072,Lucky Wok Al Nahda,Chinese,Sharjah,Al Nahda,436,41,9.4,43.08,51.71,0.346,0.831,10,Kung Pao Chicken
RST00074,Masala Junction Mohammed Bin Zayed City,Indian,Abu Dhabi,Mohammed Bin Zayed City,383,52,13.58,42.56,61.96,0.346,0.818,10,Mango Lassi
RST00090,Mandi House Al Barsha,Arabic,Dubai,Al Barsha,376,34,9.04,44.22,125.88,0.364,0.759,10,Dates & Karak
RST00094,Nobu Express JLT,Japanese,Dubai,JLT,378,33,8.73,42.51,150.51,0.38,0.665,10,Yakitori Skewers
RST00098,Wok to Walk Marina,Chinese,Dubai,Marina,385,53,13.77,42.95,233.96,0.379,0.728,10,Kung Pao Chicken
RST00112,Manila Garden Al Reef,Filipino,Abu Dhabi,Al Reef,377,57,15.12,43.41,47.97,0.439,0.48,10,Sisig Rice Bowl
RST00114,Nonna Rosa Al Nahda Dubai,Italian,Dubai,Al Nahda Dubai,376,57,15.16,42.97,69.96,0.428,0.532,10,Cannoli Siciliani
RST00122,Nobu Express Yas Island,Japanese,Abu Dhabi,Yas Island,386,47,12.18,43.11,352.96,0.415,0.554,10,Miso Soup
RST00125,Al Dawaar Grill Downtown,Arabic,Dubai,Downtown,377,57,15.12,42.52,287.79,0.453,0.429,10,Lamb Mandi
RST00145,Mumbai Street Food Marina,Indian,Dubai,Marina,366,48,13.11,44.58,261.01,0.43,0.493,10,Mango Lassi
RST00148,Peshawar Wala Dubai South,Pakistani,Dubai,Dubai South,387,42,10.85,41.76,50.74,0.383,0.712,10,Haleem
RST00164,Al Safadi Deira,Arabic,Dubai,Deira,396,31,7.83,42.74,64.15,0.357,0.827,10,Mixed Grill
RST00172,Bedouin Kitchen Arabian Ranches,Arabic,Dubai,Arabian Ranches,399,44,11.03,43.11,130.2,0.327,0.911,10,Falafel Wrap
RST00191,Nonna Rosa Jumeirah Village Triangle,Italian,Dubai,Jumeirah Village Triangle,386,36,9.33,41.56,141.9,0.365,0.759,10,Lasagne al Forno
RST00198,Royal Biryani House Al Khalidiyah,Indian,Abu Dhabi,Al Khalidiyah,389,52,13.37,39.82,112.15,0.41,0.552,10,Chicken Tikka Masala
RST00201,Desi Zaika Khalidiyah,Pakistani,Abu Dhabi,Khalidiyah,390,60,15.38,43.47,101.39,0.45,0.417,10,Karahi Chicken
RST00202,Curry Leaf JLT,Indian,Dubai,JLT,410,39,9.51,43.64,119.18,0.36,0.79,10,Gulab Jamun
RST00204,Burrito Bandido Al Reem Island,Mexican,Abu Dhabi,Al Reem Island,417,56,13.43,41.98,106.98,0.453,0.397,3,Chicken Burrito
RST00207,Tandoor House Downtown,Indian,Dubai,Downtown,405,38,9.38,42.09,248.46,0.386,0.706,10,Palak Paneer
RST00214,Lahori Chaska Bur Dubai,Pakistani,Dubai,Bur Dubai,424,43,10.14,43.79,51.38,0.331,0.923,10,Haleem
RST00222,Curry Leaf Al Majaz,Indian,Sharjah,Al Majaz,370,38,10.27,43.74,56.8,0.373,0.728,10,Chicken Tikka Masala
RST00229,Bombay Kitchen Al Nahda Dubai,Indian,Dubai,Al Nahda Dubai,422,51,12.09,44.42,55.81,0.407,0.609,10,Gulab Jamun
RST00241,Sarap Dito Al Jurf,Filipino,Ajman,Al Jurf,380,32,8.42,42.34,50.43,0.328,0.934,10,Crispy Pata
RST00248,Jollibee Express Al Nahda Dubai,Filipino,Dubai,Al Nahda Dubai,378,49,12.96,43.27,50.28,0.415,0.583,10,Beef Caldereta
RST00253,Mandi House Al Taawun,Arabic,Sharjah,Al Taawun,382,52,13.61,42.92,64.55,0.389,0.67,10,Hummus Platter
RST00259,Bombay Kitchen Marina,Indian,Dubai,Marina,387,37,9.56,42.13,248.74,0.34,0.871,10,Chicken Biryani
RST00264,Liberty Grill Festival City,American,Dubai,Festival City,385,35,9.09,44.11,251.41,0.401,0.657,10,Mac & Cheese
RST00268,Amalfi Table Bur Dubai,Italian,Dubai,Bur Dubai,398,36,9.05,41.75,67.55,0.372,0.716,10,Pasta Carbonara
RST00270,Mandi House Downtown,Arabic,Dubai,Downtown,389,40,10.28,43.4,300.78,0.387,0.705,10,Dates & Karak
RST00276,Jollibee Express Al Muroor,Filipino,Abu Dhabi,Al Muroor,386,48,12.44,43.74,48.05,0.374,0.708,10,Longganisa Rice
RST00282,Nonna Rosa Downtown,Italian,Dubai,Downtown,393,29,7.38,41.73,322.39,0.343,0.841,10,Caprese Salad
RST00289,Al Dawaar Grill Al Nuaimiya,Arabic,Ajman,Al Nuaimiya,414,37,8.94,41.97,63.95,0.336,0.907,10,Machboos
RST00299,Five Guys Kitchen Oud Metha,American,Dubai,Oud Metha,390,39,10.0,42.53,124.18,0.334,0.884,10,BBQ Chicken Wings
RST00308,Karachi Darbar Downtown,Pakistani,Dubai,Downtown,366,49,13.39,42.61,224.22,0.392,0.635,10,Karahi Chicken
RST00312,Pasta Fresca Business Bay,Italian,Dubai,Business Bay,373,36,9.65,43.73,140.4,0.346,0.845,10,Tiramisu
RST00314,Spice Route Al Karamah,Indian,Abu Dhabi,Al Karamah,407,45,11.06,42.82,115.4,0.44,0.472,10,Palak Paneer
RST00335,Ihaw Ihaw Al Majaz,Filipino,Sharjah,Al Majaz,431,43,9.98,41.9,49.02,0.368,0.753,10,Crispy Pata
RST00348,Cedar Tree Downtown,Lebanese,Dubai,Downtown,407,41,10.07,44.48,243.22,0.373,0.742,10,Lamb Kibbeh
RST00352,Al Hamra Pakistani Sports City,Pakistani,Dubai,Sports City,416,42,10.1,41.56,102.92,0.359,0.767,10,Haleem
RST00375,Sarap Dito Al Rashidiya,Filipino,Ajman,Al Rashidiya,400,39,9.75,43.24,49.15,0.391,0.638,10,Halo Halo
RST00393,Curry Leaf Motor City,Indian,Dubai,Motor City,394,54,13.71,43.21,121.65,0.386,0.686,10,Butter Chicken
RST00398,Al Waha Lebanese Business Bay,Lebanese,Dubai,Business Bay,394,39,9.9,41.81,108.94,0.354,0.795,10,Shanklish Salad
RST00408,Punjab Grill Dubai South,Indian,Dubai,Dubai South,384,40,10.42,43.54,57.47,0.37,0.733,10,Lamb Rogan Josh
RST00409,BBQ Tonight Khalifa City,Pakistani,Abu Dhabi,Khalifa City,405,41,10.12,42.98,101.21,0.34,0.879,10,Aloo Gosht
RST00418,Bombay Kitchen Marina,Indian,Dubai,Marina,356,41,11.52,42.58,251.33,0.353,0.795,10,Butter Chicken
RST00419,The Wing Co Jumeirah,American,Dubai,Jumeirah,372,44,11.83,41.96,128.33,0.379,0.694,10,Nashville Hot Tenders
RST00437,Arabian Nights Kitchen International City,Arabic,Dubai,International City,420,66,15.71,43.65,63.3,0.429,0.543,10,Kabsa
RST00439,Golden Curry Business Bay,Indian,Dubai,Business Bay,415,43,10.36,42.65,116.47,0.4,0.6,10,Garlic Naan
RST00458,Maharaja Palace Al Barsha,Indian,Dubai,Al Barsha,342,38,11.11,42.62,117.95,0.335,0.882,10,Dal Makhani
RST00469,Peking House Al Barsha,Chinese,Dubai,Al Barsha,384,39,10.16,42.53,109.67,0.337,0.883,10,Wonton Soup
RST00479,Peshawar Wala Downtown,Pakistani,Dubai,Downtown,381,26,6.82,41.61,220.99,0.341,0.863,10,Nihari
RST00484,Al Hamra Pakistani Shahama,Pakistani,Abu Dhabi,Shahama,397,44,11.08,43.01,49.56,0.33,0.923,10,Haleem
RST00485,Spice Route Al Majaz,Indian,Sharjah,Al Majaz,410,44,10.73,41.23,59.18,0.388,0.631,10,Palak Paneer
RST00488,Il Pomodoro International City,Italian,Dubai,International City,376,41,10.9,40.81,70.42,0.377,0.728,10,Lasagne al Forno
RST00492,Al Fanar Mirdif,Arabic,Dubai,Mirdif,413,33,7.99,42.52,130.38,0.329,0.897,10,Kabsa
RST00493,Bombay Kitchen Oud Metha,Indian,Dubai,Oud Metha,381,33,8.66,41.81,120.74,0.339,0.858,10,Palak Paneer
RST00498,Adobo House Business Bay,Filipino,Dubai,Business Bay,408,45,11.03,42.11,96.45,0.358,0.785,10,Sinigang na Baboy
RST00506,Maharaja Palace Downtown,Indian,Dubai,Downtown,411,29,7.06,42.71,256.13,0.351,0.821,10,Palak Paneer
RST00513,Bollywood Bites JLT,Indian,Dubai,JLT,358,50,13.97,42.41,119.49,0.407,0.571,10,Dal Makhani
RST00518,Pasta Fresca Al Quoz,Italian,Dubai,Al Quoz,425,52,12.24,42.13,69.36,0.379,0.721,10,Caprese Salad
RST00526,Mumbai Street Food Palm Jumeirah,Indian,Dubai,Palm Jumeirah,411,41,9.98,42.43,257.2,0.399,0.612,10,Gulab Jamun
RST00527,Lucky Wok JLT,Chinese,Dubai,JLT,406,41,10.1,41.94,109.45,0.4,0.623,10,Dim Sum Basket
RST00535,Sisig Station Al Majaz,Filipino,Sharjah,Al Majaz,402,48,11.94,44.65,50.97,0.365,0.79,10,Sisig Rice Bowl
RST00536,Cedar Tree International City,Lebanese,Dubai,International City,403,51,12.66,42.33,56.06,0.393,0.637,10,Baba Ghanoush
RST00560,Tawlet Al Taawun,Lebanese,Sharjah,Al Taawun,391,35,8.95,44.24,59.51,0.323,0.979,10,Baba Ghanoush
RST00562,All American Diner Palm Jumeirah,American,Dubai,Palm Jumeirah,394,45,11.42,42.38,264.03,0.399,0.622,10,Chocolate Milkshake
RST00580,Green Valley Pakistani Mirdif,Pakistani,Dubai,Mirdif,394,32,8.12,43.13,106.81,0.349,0.844,10,Mutton Biryani
RST00590,BBQ Smokehouse Dubai Hills,American,Dubai,Dubai Hills,409,54,13.2,43.85,265.91,0.429,0.515,10,Chocolate Milkshake
RST00592,Delhi Darbar Sports City,Indian,Dubai,Sports City,378,40,10.58,42.37,116.65,0.369,0.764,10,Dal Makhani
RST00596,Pampanga Kitchen Mirdif,Filipino,Dubai,Mirdif,363,32,8.82,44.0,95.34,0.353,0.797,10,Sinigang na Baboy
RST00601,Nihari House Dubai Hills,Pakistani,Dubai,Dubai Hills,374,48,12.83,43.49,219.52,0.405,0.588,10,Chapli Kebab
RST00608,Mezze House Al Nahda,Lebanese,Sharjah,Al Nahda,385,34,8.83,43.47,55.27,0.349,0.843,10,Chicken Tawook
RST00626,Al Waha Lebanese Muwaileh,Lebanese,Sharjah,Muwaileh,421,46,10.93,44.19,57.84,0.415,0.573,10,Fattoush Salad
RST00651,Islamabad Grill Al Nahda,Pakistani,Sharjah,Al Nahda,400,54,13.5,45.49,52.49,0.472,0.369,10,Chapli Kebab
RST00671,Al Waha Lebanese Al Nahda,Lebanese,Sharjah,Al Nahda,408,56,13.73,42.99,54.52,0.39,0.67,10,Baba Ghanoush
RST00685,Saffron Table Al Jurf,Indian,Ajman,Al Jurf,370,30,8.11,41.76,58.76,0.341,0.828,10,Samosa (2pcs)
RST00694,Tokyo Kitchen DIFC,Japanese,Dubai,DIFC,364,50,13.74,42.66,344.55,0.394,0.658,10,Tonkotsu Ramen
RST00701,Adobo House Silicon Oasis,Filipino,Dubai,Silicon Oasis,389,73,18.77,42.63,50.93,0.505,0.224,10,Chicken Adobo
RST00707,Golden Curry DIFC,Indian,Dubai,DIFC,406,32,7.88,42.95,245.36,0.342,0.88,10,Garlic Naan
RST00710,Arabian Nights Kitchen International City,Arabic,Dubai,International City,367,26,7.08,43.07,63.87,0.323,0.935,10,Mixed Grill
RST00711,Masala Junction Marina,Indian,Dubai,Marina,346,39,11.27,42.19,250.24,0.358,0.808,10,Gulab Jamun
RST00717,Leila Restaurant Al Taawun,Lebanese,Sharjah,Al Taawun,403,42,10.42,44.1,56.21,0.356,0.844,10,Mezze Platter
RST00729,The Wing Co Al Jurf,American,Ajman,Al Jurf,367,39,10.63,43.56,60.89,0.371,0.704,10,Loaded Fries
RST00747,Al Safadi Muhaisnah,Arabic,Dubai,Muhaisnah,402,48,11.94,42.97,62.71,0.427,0.514,10,Hummus Platter
RST00748,Mezze House Al Taawun,Lebanese,Sharjah,Al Taawun,403,36,8.93,42.17,56.85,0.317,0.927,10,Knafeh
RST00767,Shake Shack Express Downtown,American,Dubai,Downtown,374,63,16.84,41.8,255.62,0.44,0.431,10,Onion Rings
RST00779,Desi Zaika Shahama,Pakistani,Abu Dhabi,Shahama,409,54,13.2,42.11,53.4,0.434,0.482,10,Chapli Kebab
RST00781,Bollywood Bites JLT,Indian,Dubai,JLT,366,40,10.93,41.45,117.87,0.335,0.88,10,Palak Paneer
RST00783,All American Diner International City,American,Dubai,International City,415,63,15.18,42.57,66.92,0.421,0.536,10,Crispy Chicken Sandwich
RST00784,Sarap Dito Saadiyat Island,Filipino,Abu Dhabi,Saadiyat Island,379,25,6.6,42.82,196.49,0.335,0.89,10,Lechon Kawali
RST00803,Mumbai Street Food Dubai Hills,Indian,Dubai,Dubai Hills,409,45,11.0,42.6,240.65,0.342,0.888,10,Mango Lassi
RST00824,Arabian Nights Kitchen Al Rashidiya,Arabic,Ajman,Al Rashidiya,385,68,17.66,44.63,61.86,0.498,0.247,10,Kabsa
RST00830,Five Guys Kitchen Al Zaab,American,Abu Dhabi,Al Zaab,345,28,8.12,40.86,59.99,0.347,0.806,10,BBQ Chicken Wings
RST00845,Shake Shack Express Marina,American,Dubai,Marina,392,53,13.52,41.58,251.9,0.415,0.544,10,Nashville Hot Tenders
RST00850,Five Guys Kitchen Downtown,American,Dubai,Downtown,389,37,9.51,41.79,261.25,0.339,0.828,10,Loaded Fries
RST00855,Jollibee Express Al Nahda,Filipino,Sharjah,Al Nahda,422,53,12.56,44.24,50.24,0.429,0.522,10,Kare Kare
RST00865,Green Valley Pakistani Downtown,Pakistani,Dubai,Downtown,381,51,13.39,43.15,221.62,0.366,0.736,10,Haleem
RST00867,Saffron Table Al Mushrif,Indian,Abu Dhabi,Al Mushrif,375,28,7.47,42.92,114.17,0.325,0.956,10,Chicken Tikka Masala
RST00876,Peshawar Wala Jumeirah Village Circle,Pakistani,Dubai,Jumeirah Village Circle,360,44,12.22,40.89,105.86,0.42,0.525,10,Haleem
RST00883,Lanka Bites Al Taawun,Sri Lankan,Sharjah,Al Taawun,399,36,9.02,41.87,48.75,0.361,0.825,3,Kottu Roti
RST00885,Pizza Express Dubai Business Bay,Italian,Dubai,Business Bay,387,45,11.63,43.2,137.08,0.368,0.759,10,Risotto ai Funghi
RST00898,Lutong Bahay Dubai Hills,Filipino,Dubai,Dubai Hills,404,47,11.63,43.62,198.96,0.369,0.757,10,Sisig Rice Bowl
RST00913,Il Pomodoro Business Bay,Italian,Dubai,Business Bay,363,29,7.99,42.5,141.37,0.356,0.817,10,Lasagne al Forno
RST00919,Suhoor Lounge Al Taawun,Arabic,Sharjah,Al Taawun,384,31,8.07,42.7,62.02,0.31,0.953,10,Dates & Karak
RST00932,Green Valley Pakistani Deira,Pakistani,Dubai,Deira,379,33,8.71,41.47,52.24,0.318,0.914,10,Mutton Biryani
RST00937,La Cucina Al Taawun,Italian,Sharjah,Al Taawun,388,48,12.37,41.75,70.19,0.426,0.536,10,Bruschetta
RST00961,Golden Curry JLT,Indian,Dubai,JLT,347,35,10.09,41.26,123.51,0.341,0.842,10,Mango Lassi
RST00970,BBQ Tonight Sports City,Pakistani,Dubai,Sports City,385,31,8.05,43.04,98.93,0.318,0.933,10,Nihari
RST00976,Saffron Table Corniche,Indian,Abu Dhabi,Corniche,375,29,7.73,43.7,247.66,0.328,0.893,10,Garlic Naan
RST00982,Bollywood Bites Saadiyat Island,Indian,Abu Dhabi,Saadiyat Island,377,41,10.88,42.65,243.44,0.398,0.638,10,Garlic Naan
RST00991,Bombay Kitchen Al Majaz,Indian,Sharjah,Al Majaz,369,32,8.67,42.13,57.27,0.324,0.934,10,Palak Paneer
RST00993,Al Fanar Al Taawun,Arabic,Sharjah,Al Taawun,350,45,12.86,43.38,67.37,0.385,0.711,10,Kabsa
RST00998,Zaatar w Zeit Al Majaz,Lebanese,Sharjah,Al Majaz,363,35,9.64,40.94,59.06,0.403,0.609,10,Fattoush Salad
RST01004,Golden Curry Festival City,Indian,Dubai,Festival City,348,39,11.21,43.06,254.46,0.345,0.834,10,Chicken Tikka Masala
RST01009,Byblos on the Sea Muwaileh,Lebanese,Sharjah,Muwaileh,409,60,14.67,42.85,57.27,0.431,0.48,10,Knafeh
RST01018,Al Dawaar Grill Khalifa City,Arabic,Abu Dhabi,Khalifa City,358,53,14.8,42.28,128.39,0.427,0.52,10,Dates & Karak
RST01044,Masala Junction Marina,Indian,Dubai,Marina,384,33,8.59,42.13,241.4,0.345,0.821,10,Garlic Naan
RST01046,Spice Route Palm Jumeirah,Indian,Dubai,Palm Jumeirah,381,49,12.86,42.14,233.54,0.421,0.537,10,Chicken Biryani
RST01048,Royal Biryani House Al Majaz,Indian,Sharjah,Al Majaz,358,33,9.22,41.73,54.85,0.385,0.682,10,Chicken Tikka Masala
RST01065,Mezze House International City,Lebanese,Dubai,International City,371,43,11.59,42.56,54.9,0.373,0.725,10,Shanklish Salad
RST01066,Islamabad Grill Jumeirah,Pakistani,Dubai,Jumeirah,397,46,11.59,42.55,103.12,0.4,0.646,10,Sheer Khurma
RST01090,Haleem Express Al Furjan,Pakistani,Dubai,Al Furjan,399,60,15.04,42.83,112.76,0.438,0.472,10,Mutton Biryani
RST01099,BBQ Smokehouse Al Zaab,American,Abu Dhabi,Al Zaab,412,54,13.11,44.47,62.53,0.365,0.735,10,Loaded Fries
RST01103,Namaste Kitchen Creek Harbour,Indian,Dubai,Creek Harbour,404,44,10.89,43.02,237.36,0.359,0.746,10,Palak Paneer
RST01114,Al Hamra Pakistani Oud Metha,Pakistani,Dubai,Oud Metha,399,31,7.77,41.64,103.57,0.357,0.766,10,Aloo Gosht
RST01120,Nihari House Shahama,Pakistani,Abu Dhabi,Shahama,425,29,6.82,42.06,54.99,0.346,0.871,10,Sheer Khurma
RST01128,Curry Leaf Mohammed Bin Zayed City,Indian,Abu Dhabi,Mohammed Bin Zayed City,387,45,11.63,43.86,56.32,0.425,0.537,10,Garlic Naan
RST01146,Ceylon Spice Sports City,Sri Lankan,Dubai,Sports City,385,37,9.61,42.82,92.16,0.341,0.849,3,Kottu Roti
RST01150,Al Fanar Al Furjan,Arabic,Dubai,Al Furjan,369,19,5.15,42.66,126.46,0.328,0.926,10,Hummus Platter
RST01153,Manila Garden Al Rashidiya,Filipino,Ajman,Al Rashidiya,400,38,9.5,42.49,48.99,0.329,0.903,10,Crispy Pata
RST01156,Golden Curry Al Zaab,Indian,Abu Dhabi,Al Zaab,420,55,13.1,41.62,59.75,0.385,0.607,10,Chicken Tikka Masala
RST01167,Tandoor House Palm Jumeirah,Indian,Dubai,Palm Jumeirah,347,36,10.37,41.8,233.45,0.323,0.895,10,Chicken Biryani
RST01168,Shake Shack Express DIFC,American,Dubai,DIFC,398,34,8.54,45.35,256.51,0.353,0.8,10,Chocolate Milkshake
RST01169,Mumbai Street Food Bur Dubai,Indian,Dubai,Bur Dubai,394,38,9.64,43.96,58.48,0.387,0.691,10,Butter Chicken
RST01172,Royal Biryani House Yas Island,Indian,Abu Dhabi,Yas Island,367,35,9.54,42.24,239.74,0.355,0.804,10,Garlic Naan
RST01192,Burger District Oud Metha,American,Dubai,Oud Metha,375,37,9.87,42.89,124.8,0.334,0.872,10,Nashville Hot Tenders
RST01193,All American Diner Muwaileh,American,Sharjah,Muwaileh,406,44,10.84,42.72,63.76,0.364,0.754,10,Classic Smash Burger
RST01198,Khaleeji Bites Dubai Hills,Arabic,Dubai,Dubai Hills,403,47,11.66,44.73,299.34,0.36,0.82,10,Machboos
RST01242,Suhoor Lounge Jumeirah,Arabic,Dubai,Jumeirah,373,35,9.38,42.42,137.37,0.33,0.871,10,Jareesh
RST01245,Maharaja Palace Al Nahda,Indian,Sharjah,Al Nahda,396,33,8.33,42.73,58.07,0.332,0.872,10,Palak Paneer
RST01250,Saffron Table Motor City,Indian,Dubai,Motor City,386,40,10.36,43.18,115.65,0.355,0.826,10,Palak Paneer
RST01264,Ceylon Spice Khalidiyah,Sri Lankan,Abu Dhabi,Khalidiyah,401,47,11.72,43.87,89.9,0.424,0.547,3,Rice & Curry
RST01265,Emirati Table Al Furjan,Arabic,Dubai,Al Furjan,366,53,14.48,44.02,128.65,0.447,0.426,10,Jareesh
RST01275,Emirati Table Khalifa City,Arabic,Abu Dhabi,Khalifa City,376,41,10.9,42.69,131.78,0.369,0.747,10,Dates & Karak
RST01290,Chai & Spice Al Raha Beach,Indian,Abu Dhabi,Al Raha Beach,399,61,15.29,42.4,241.27,0.428,0.532,10,Chicken Biryani
RST01304,Shawarma Station DIFC,Arabic,Dubai,DIFC,377,36,9.55,42.06,294.22,0.395,0.656,10,Jareesh
RST01309,Royal Biryani House Bur Dubai,Indian,Dubai,Bur Dubai,372,32,8.6,42.45,58.09,0.345,0.824,10,Palak Paneer
RST01318,Khaleeji Bites Karama,Arabic,Dubai,Karama,384,32,8.33,41.55,66.44,0.36,0.796,10,Jareesh
RST01325,Curry Leaf International City,Indian,Dubai,International City,381,28,7.35,43.78,59.73,0.327,0.947,10,Chicken Tikka Masala
RST01332,Colombo Kitchen Al Nahda,Sri Lankan,Sharjah,Al Nahda,395,63,15.95,41.32,47.29,0.432,0.482,3,Kottu Roti
RST01337,Nihari House Downtown,Pakistani,Dubai,Downtown,376,37,9.84,43.24,220.22,0.379,0.703,10,Aloo Gosht
RST01360,Al Waha Lebanese Satwa,Lebanese,Dubai,Satwa,402,42,10.45,43.87,56.25,0.383,0.73,10,Knafeh
RST01364,Khaleeji Bites Al Barsha,Arabic,Dubai,Al Barsha,369,38,10.3,41.77,129.23,0.35,0.811,10,Chicken Shawarma
RST01380,Pampanga Kitchen Garhoud,Filipino,Dubai,Garhoud,403,54,13.4,40.46,95.4,0.449,0.394,10,Sisig Rice Bowl
RST01381,Bombay Kitchen Oud Metha,Indian,Dubai,Oud Metha,379,45,11.87,44.33,117.94,0.382,0.705,10,Chicken Biryani
RST01384,Wok to Walk Al Taawun,Chinese,Sharjah,Al Taawun,361,31,8.59,42.42,56.88,0.331,0.932,10,Kung Pao Chicken
RST01386,Golden Curry Khalifa City,Indian,Abu Dhabi,Khalifa City,425,38,8.94,43.37,115.91,0.39,0.685,10,Palak Paneer
RST01397,Leila Restaurant Al Reef,Lebanese,Abu Dhabi,Al Reef,365,38,10.41,43.62,57.18,0.353,0.805,10,Fattoush Salad
RST01421,The Wing Co Jumeirah,American,Dubai,Jumeirah,382,39,10.21,42.75,116.99,0.336,0.859,10,Onion Rings
RST01425,Trattoria Roma Deira,Italian,Dubai,Deira,391,33,8.44,42.45,68.48,0.336,0.891,10,Chicken Parmigiana
RST01432,Pampanga Kitchen Al Zaab,Filipino,Abu Dhabi,Al Zaab,390,40,10.26,42.84,51.49,0.351,0.815,10,Sisig Rice Bowl
RST01445,Smash & Stack Oud Metha,American,Dubai,Oud Metha,355,45,12.68,41.92,125.27,0.407,0.592,10,Loaded Fries
RST01462,Yakitori Yoshi Al Majaz,Japanese,Sharjah,Al Majaz,375,39,10.4,42.28,78.04,0.374,0.736,10,Salmon Sushi Roll
RST01465,Royal Biryani House Bur Dubai,Indian,Dubai,Bur Dubai,389,36,9.25,41.92,57.06,0.335,0.868,10,Chicken Tikka Masala
RST01469,Smash & Stack Downtown,American,Dubai,Downtown,393,38,9.67,41.7,248.19,0.348,0.834,10,Philly Cheesesteak
RST01472,Tandoor House Al Raha Beach,Indian,Abu Dhabi,Al Raha Beach,396,35,8.84,43.33,242.69,0.358,0.77,10,Butter Chicken
RST01480,Bollywood Bites Al Furjan,Indian,Dubai,Al Furjan,387,43,11.11,43.46,115.74,0.357,0.793,10,Gulab Jamun
RST01481,Bombay Kitchen Al Barsha,Indian,Dubai,Al Barsha,404,72,17.82,44.51,119.35,0.496,0.255,10,Samosa (2pcs)
RST01495,Pasta Fresca Hamdan Street,Italian,Abu Dhabi,Hamdan Street,384,48,12.5,42.06,153.49,0.401,0.624,10,Lasagne al Forno
RST01503,Trattoria Roma Al Nahda,Italian,Sharjah,Al Nahda,356,45,12.64,43.5,70.25,0.378,0.723,10,Lasagne al Forno
RST01514,Royal Biryani House Palm Jumeirah,Indian,Dubai,Palm Jumeirah,411,56,13.63,42.88,239.85,0.411,0.608,10,Chicken Biryani
RST01516,Pizza Express Dubai Jumeirah,Italian,Dubai,Jumeirah,403,44,10.92,43.54,138.9,0.381,0.715,10,Risotto ai Funghi
RST01530,Fattoush Kitchen Al Reef,Lebanese,Abu Dhabi,Al Reef,367,21,5.72,40.66,54.88,0.334,0.898,10,Warak Dawali
RST01538,Peking House Deira,Chinese,Dubai,Deira,356,47,13.2,42.54,54.6,0.377,0.728,10,Fried Rice Special
RST01542,All American Diner Al Majaz,American,Sharjah,Al Majaz,411,31,7.54,42.85,61.34,0.317,0.92,10,Loaded Fries
RST01548,Sarap Dito Al Furjan,Filipino,Dubai,Al Furjan,397,31,7.81,40.78,98.87,0.404,0.597,10,Sinigang na Baboy
RST01555,Yakitori Yoshi Dubai South,Japanese,Dubai,Dubai South,415,48,11.57,43.28,77.77,0.357,0.798,10,Dragon Roll
RST01563,Lutong Bahay Al Taawun,Filipino,Sharjah,Al Taawun,386,46,11.92,43.98,49.43,0.422,0.554,10,Sinigang na Baboy
RST01568,Bella Napoli Marina,Italian,Dubai,Marina,405,55,13.58,41.41,331.95,0.42,0.524,10,Margherita Pizza
RST01586,Arabian Nights Kitchen Al Nuaimiya,Arabic,Ajman,Al Nuaimiya,375,38,10.13,41.73,63.02,0.397,0.652,10,Mixed Grill
RST01593,Pampanga Kitchen Dubai Hills,Filipino,Dubai,Dubai Hills,388,52,13.4,42.42,202.17,0.416,0.555,10,Kare Kare
RST01594,Royal Biryani House Downtown,Indian,Dubai,Downtown,377,39,10.34,42.08,247.25,0.372,0.716,10,Garlic Naan
RST01635,Saffron Table Al Quoz,Indian,Dubai,Al Quoz,372,53,14.25,43.15,60.07,0.413,0.598,10,Butter Chicken
RST01642,Shawarma Station Al Nahda,Arabic,Sharjah,Al Nahda,370,31,8.38,43.96,60.58,0.34,0.862,10,Kabsa
RST01646,Shake Shack Express Mirdif,American,Dubai,Mirdif,390,47,12.05,43.48,126.07,0.401,0.641,10,Nashville Hot Tenders
RST01652,Tandoor House Arabian Ranches,Indian,Dubai,Arabian Ranches,342,24,7.02,42.24,113.06,0.347,0.857,10,Mango Lassi
RST01657,Cedar Tree Saadiyat Island,Lebanese,Abu Dhabi,Saadiyat Island,374,37,9.89,43.49,262.31,0.344,0.829,10,Kafta Wrap
RST01659,Maharaja Palace Mirdif,Indian,Dubai,Mirdif,377,50,13.26,43.04,112.3,0.366,0.766,10,Chicken Biryani
RST01672,Emirati Table Marina,Arabic,Dubai,Marina,380,33,8.68,42.83,295.7,0.401,0.62,10,Grilled Hammour
RST01676,Maharaja Palace Al Taawun,Indian,Sharjah,Al Taawun,385,40,10.39,43.53,59.04,0.39,0.699,10,Gulab Jamun
RST01705,Arabian Nights Kitchen Al Quoz,Arabic,Dubai,Al Quoz,370,42,11.35,41.89,61.5,0.355,0.78,10,Dates & Karak
RST01707,Nihari House Al Taawun,Pakistani,Sharjah,Al Taawun,384,36,9.38,44.98,51.02,0.336,0.894,10,Paya Soup
RST01716,Saffron Table Sports City,Indian,Dubai,Sports City,401,38,9.48,43.83,107.77,0.374,0.745,10,Samosa (2pcs)
RST01719,Desi Zaika Silicon Oasis,Pakistani,Dubai,Silicon Oasis,379,44,11.61,45.33,53.9,0.394,0.656,10,Karahi Chicken
RST01724,Pampanga Kitchen Arabian Ranches,Filipino,Dubai,Arabian Ranches,378,33,8.73,42.82,101.17,0.343,0.866,10,Sisig Rice Bowl
RST01728,Beirut Express Dubai South,Lebanese,Dubai,Dubai South,364,54,14.84,42.39,57.38,0.415,0.564,10,Knafeh
RST01737,Smash & Stack Al Rashidiya,American,Ajman,Al Rashidiya,363,47,12.95,39.96,60.46,0.437,0.485,10,Mac & Cheese
RST01738,Bedouin Kitchen Marina,Arabic,Dubai,Marina,361,28,7.76,43.57,303.92,0.325,0.942,10,Hummus Platter
RST01751,Desi Zaika Dubai South,Pakistani,Dubai,Dubai South,386,39,10.1,43.39,50.46,0.339,0.878,10,Nihari
RST01768,Pizza Express Dubai Silicon Oasis,Italian,Dubai,Silicon Oasis,383,53,13.84,43.54,69.64,0.371,0.772,10,Bruschetta
RST01777,Saffron Table International City,Indian,Dubai,International City,409,55,13.45,41.98,59.88,0.387,0.668,10,Samosa (2pcs)
RST01780,Bedouin Kitchen Creek Harbour,Arabic,Dubai,Creek Harbour,382,64,16.75,42.32,291.61,0.491,0.26,10,Chicken Shawarma
RST01800,Trattoria Roma Shahama,Italian,Abu Dhabi,Shahama,392,50,12.76,42.44,66.09,0.364,0.763,10,Caprese Salad
RST01809,Tawlet Al Barsha,Lebanese,Dubai,Al Barsha,388,48,12.37,43.36,108.84,0.393,0.663,10,Chicken Tawook
RST01828,Islamabad Grill Al Taawun,Pakistani,Sharjah,Al Taawun,377,34,9.02,42.34,52.63,0.346,0.816,10,Chapli Kebab
RST01831,Maharaja Palace Creek Harbour,Indian,Dubai,Creek Harbour,370,31,8.38,43.45,240.97,0.334,0.892,10,Gulab Jamun
RST01835,Beirut Express Al Furjan,Lebanese,Dubai,Al Furjan,407,53,13.02,41.85,121.95,0.382,0.71,10,Fattoush Salad
RST01843,Sisig Station Yas Island,Filipino,Abu Dhabi,Yas Island,388,51,13.14,43.34,202.42,0.433,0.519,10,Pancit Canton
RST01862,Izakaya House Festival City,Japanese,Dubai,Festival City,393,42,10.69,44.62,346.92,0.384,0.693,10,Beef Gyoza (6pcs)
RST01863,Byblos on the Sea Downtown,Lebanese,Dubai,Downtown,369,27,7.32,42.57,263.97,0.335,0.896,10,Baba Ghanoush
RST01866,BBQ Tonight Al Shamkha,Pakistani,Abu Dhabi,Al Shamkha,398,43,10.8,44.58,52.73,0.365,0.749,10,Aloo Gosht
RST01867,Sisig Station Corniche,Filipino,Abu Dhabi,Corniche,382,62,16.23,44.3,204.44,0.475,0.343,10,Beef Caldereta
RST01869,Bangkok Bites Al Nahda Dubai,Thai,Dubai,Al Nahda Dubai,344,35,10.17,43.08,53.14,0.349,0.864,5,Pad Thai
RST01885,Trattoria Roma Downtown,Italian,Dubai,Downtown,410,43,10.49,42.7,314.66,0.354,0.84,10,Risotto ai Funghi
RST01897,Amalfi Table Al Nahda,Italian,Sharjah,Al Nahda,405,39,9.63,43.4,67.07,0.315,0.958,10,Pasta Carbonara
RST01900,Trattoria Roma Jumeirah,Italian,Dubai,Jumeirah,374,45,12.03,42.11,144.26,0.418,0.546,10,Tiramisu
RST01904,Emirati Table Arabian Ranches,Arabic,Dubai,Arabian Ranches,410,40,9.76,43.23,124.28,0.37,0.776,10,Hummus Platter
RST01907,Chao Fan Express Sports City,Chinese,Dubai,Sports City,370,37,10.0,43.68,102.26,0.378,0.741,10,Steamed Dumplings
RST01921,Byblos on the Sea Bur Dubai,Lebanese,Dubai,Bur Dubai,387,33,8.53,42.65,58.61,0.339,0.907,10,Shanklish Salad
RST01922,Saffron Table Sports City,Indian,Dubai,Sports City,402,43,10.7,43.42,120.43,0.366,0.774,10,Samosa (2pcs)
RST01924,Spice Route Al Raha Beach,Indian,Abu Dhabi,Al Raha Beach,387,59,15.25,44.26,267.19,0.468,0.358,10,Chicken Biryani
RST01930,BBQ Smokehouse Dubai Hills,American,Dubai,Dubai Hills,384,39,10.16,44.22,274.12,0.338,0.893,10,BBQ Chicken Wings
RST01942,Fattoush Kitchen DIFC,Lebanese,Dubai,DIFC,381,46,12.07,42.4,255.75,0.432,0.491,10,Knafeh
RST01945,Haleem Express Al Raha Beach,Pakistani,Abu Dhabi,Al Raha Beach,375,42,11.2,44.66,227.21,0.36,0.806,10,Seekh Kebab
RST01951,Mandi House Satwa,Arabic,Dubai,Satwa,374,23,6.15,42.79,58.75,0.33,0.912,10,Jareesh
RST01956,Golden Curry Al Nahda,Indian,Sharjah,Al Nahda,391,38,9.72,44.72,58.04,0.339,0.895,10,Chicken Biryani
RST01969,Tawlet Al Majaz,Lebanese,Sharjah,Al Majaz,390,55,14.1,42.94,59.23,0.436,0.475,10,Knafeh
RST01981,Leila Restaurant JLT,Lebanese,Dubai,JLT,372,44,11.83,43.76,113.7,0.406,0.619,10,Baba Ghanoush
RST01988,Nonna Rosa Al Majaz,Italian,Sharjah,Al Majaz,387,44,11.37,43.11,73.96,0.357,0.8,10,Caprese Salad
RST01996,Golden Curry Marina,Indian,Dubai,Marina,365,37,10.14,43.48,252.79,0.361,0.814,10,Butter Chicken
RST00042,Lahori Chaska Al Karamah,Pakistani,Abu Dhabi,Al Karamah,374,51,13.64,43.3,103.95,0.409,0.582,10,Daal Chawal
RST00046,Adobo House Marina,Filipino,Dubai,Marina,416,40,9.62,43.46,189.92,0.377,0.737,10,Sisig Rice Bowl
RST00050,Ceylon Spice Al Rashidiya,Sri Lankan,Ajman,Al Rashidiya,430,59,13.72,41.89,46.65,0.4,0.608,3,Kottu Roti
RST00055,Dim Sum Palace Al Reem Island,Chinese,Abu Dhabi,Al Reem Island,375,42,11.2,42.7,111.24,0.375,0.752,10,Sweet & Sour Pork
RST00060,Patty Perfect Downtown,American,Dubai,Downtown,390,60,15.38,42.96,251.33,0.456,0.413,10,Chocolate Milkshake
RST00080,Shawarma Station DIFC,Arabic,Dubai,DIFC,398,53,13.32,42.58,297.83,0.439,0.484,10,Jareesh
RST00083,Trattoria Roma Al Nahda,Italian,Sharjah,Al Nahda,402,31,7.71,41.52,69.08,0.327,0.912,10,Bruschetta
RST00095,Shake Shack Express Downtown,American,Dubai,Downtown,404,39,9.65,42.39,249.45,0.333,0.888,10,Philly Cheesesteak
RST00099,Ceylon Spice Jumeirah,Sri Lankan,Dubai,Jumeirah,394,31,7.87,43.28,95.11,0.341,0.862,3,Rice & Curry
RST00117,Suhoor Lounge Hamdan Street,Arabic,Abu Dhabi,Hamdan Street,356,53,14.89,42.53,129.12,0.416,0.577,10,Dates & Karak
RST00127,Ihaw Ihaw Downtown,Filipino,Dubai,Downtown,346,22,6.36,43.77,198.79,0.335,0.871,10,Beef Caldereta
RST00146,Lotus Thai Business Bay,Thai,Dubai,Business Bay,444,41,9.23,42.63,102.19,0.354,0.805,5,Pad Thai
RST00162,Chai & Spice Sports City,Indian,Dubai,Sports City,371,31,8.36,43.5,112.01,0.383,0.701,10,Lamb Rogan Josh
RST00174,Suhoor Lounge Marina,Arabic,Dubai,Marina,384,43,11.2,41.99,295.86,0.351,0.821,10,Falafel Wrap
RST00188,Bollywood Bites Al Furjan,Indian,Dubai,Al Furjan,370,50,13.51,41.97,120.51,0.394,0.657,10,Chicken Biryani
RST00190,Lahori Chaska Muhaisnah,Pakistani,Dubai,Muhaisnah,401,23,5.74,42.62,51.2,0.308,0.973,10,Daal Chawal
RST00199,Namaste Kitchen Marina,Indian,Dubai,Marina,400,38,9.5,44.25,240.14,0.348,0.87,10,Dal Makhani
RST00208,Mumbai Street Food Nad Al Sheba,Indian,Dubai,Nad Al Sheba,422,45,10.66,42.12,114.41,0.365,0.77,10,Gulab Jamun
RST00212,Tagalog Tastes Bur Dubai,Filipino,Dubai,Bur Dubai,417,40,9.59,43.56,50.47,0.387,0.669,10,Halo Halo
RST00216,La Cucina JLT,Italian,Dubai,JLT,356,28,7.87,42.97,141.5,0.329,0.924,10,Caprese Salad
RST00221,Bedouin Kitchen Muwaileh,Arabic,Sharjah,Muwaileh,432,49,11.34,42.97,59.06,0.43,0.482,10,Dates & Karak
RST00224,Curry Leaf Creek Harbour,Indian,Dubai,Creek Harbour,385,45,11.69,42.38,234.44,0.316,0.947,10,Chicken Biryani
RST00226,Dim Sum Palace Deira,Chinese,Dubai,Deira,399,26,6.52,44.11,54.72,0.32,0.946,10,Kung Pao Chicken
RST00236,Al Dawaar Grill Karama,Arabic,Dubai,Karama,395,39,9.87,43.06,63.24,0.383,0.705,10,Dates & Karak
RST00242,Amalfi Table Palm Jumeirah,Italian,Dubai,Palm Jumeirah,404,42,10.4,42.32,335.08,0.358,0.763,10,Margherita Pizza
RST00255,Bella Napoli Discovery Gardens,Italian,Dubai,Discovery Gardens,353,38,10.76,41.84,69.62,0.37,0.724,10,Bruschetta
RST00256,Mumbai Street Food Bur Dubai,Indian,Dubai,Bur Dubai,410,40,9.76,44.62,58.71,0.415,0.598,10,Palak Paneer
RST00281,Mumbai Street Food Jumeirah Village Circle,Indian,Dubai,Jumeirah Village Circle,394,33,8.38,41.22,116.51,0.333,0.885,10,Gulab Jamun
RST00286,Golden Dragon DIFC,Chinese,Dubai,DIFC,381,60,15.75,42.39,235.29,0.458,0.388,10,Sweet & Sour Pork
RST00291,BBQ Smokehouse Corniche,American,Abu Dhabi,Corniche,401,32,7.98,42.93,258.3,0.358,0.783,10,Onion Rings
RST00293,Spice Route Al Taawun,Indian,Sharjah,Al Taawun,395,37,9.37,43.49,56.53,0.341,0.899,10,Lamb Rogan Josh
RST00297,BBQ Smokehouse Downtown,American,Dubai,Downtown,389,57,14.65,43.24,258.27,0.408,0.564,10,BBQ Chicken Wings
RST00316,Sashimi Bar Yas Island,Japanese,Abu Dhabi,Yas Island,389,37,9.51,42.9,370.94,0.353,0.824,10,Beef Gyoza (6pcs)
RST00322,Royal Biryani House Al Majaz,Indian,Sharjah,Al Majaz,362,47,12.98,42.4,56.91,0.404,0.614,10,Chicken Tikka Masala
RST00334,Green Valley Pakistani Sports City,Pakistani,Dubai,Sports City,429,61,14.22,42.36,104.28,0.388,0.657,10,Mutton Biryani
RST00342,Adobo House Muwaileh,Filipino,Sharjah,Muwaileh,406,45,11.08,42.75,51.46,0.38,0.704,10,Beef Caldereta
RST00354,Ihaw Ihaw Khalifa City,Filipino,Abu Dhabi,Khalifa City,374,41,10.96,42.93,100.51,0.391,0.645,10,Pancit Canton
RST00356,Dumpling Republic Bur Dubai,Chinese,Dubai,Bur Dubai,360,45,12.5,43.62,57.66,0.428,0.519,10,Spring Rolls (4pcs)
RST00357,Saffron Table Garhoud,Indian,Dubai,Garhoud,375,35,9.33,43.34,113.73,0.384,0.71,10,Lamb Rogan Josh
RST00359,Smash & Stack Al Nahda,American,Sharjah,Al Nahda,383,51,13.32,43.76,65.1,0.425,0.523,10,Beef Hot Dog
RST00361,Curry Leaf Saadiyat Island,Indian,Abu Dhabi,Saadiyat Island,373,38,10.19,43.26,244.69,0.379,0.686,10,Chicken Tikka Masala
RST00366,Punjab Grill Khalidiyah,Indian,Abu Dhabi,Khalidiyah,365,22,6.03,42.99,118.9,0.325,0.932,10,Dal Makhani
RST00389,Golden Dragon DIFC,Chinese,Dubai,DIFC,391,55,14.07,43.3,237.81,0.423,0.532,10,Wonton Soup
RST00402,Burger District Deira,American,Dubai,Deira,416,43,10.34,41.42,62.27,0.371,0.702,10,Nashville Hot Tenders
RST00403,Arabian Nights Kitchen Al Nahda,Arabic,Sharjah,Al Nahda,364,35,9.62,42.19,63.07,0.361,0.766,10,Chicken Shawarma
RST00424,Green Valley Pakistani JLT,Pakistani,Dubai,JLT,359,52,14.48,41.64,102.88,0.374,0.69,10,Paya Soup
RST00426,Delhi Darbar Al Majaz,Indian,Sharjah,Al Majaz,406,42,10.34,42.49,54.77,0.377,0.663,10,Butter Chicken
RST00429,Zaatar w Zeit JLT,Lebanese,Dubai,JLT,369,45,12.2,43.15,111.0,0.414,0.598,10,Kafta Wrap
RST00436,Khaleeji Bites Al Majaz,Arabic,Sharjah,Al Majaz,379,45,11.87,42.36,62.77,0.367,0.763,10,Grilled Hammour
RST00442,Katsu Corner Al Majaz,Japanese,Sharjah,Al Majaz,374,33,8.82,43.76,78.13,0.351,0.843,10,Beef Gyoza (6pcs)
RST00444,Chai & Spice Al Reem Island,Indian,Abu Dhabi,Al Reem Island,365,39,10.68,43.79,115.35,0.411,0.563,10,Samosa (2pcs)
RST00445,Chai & Spice Al Nahda,Indian,Sharjah,Al Nahda,396,35,8.84,41.27,56.82,0.33,0.848,10,Chicken Biryani
RST00477,Al Safadi DIFC,Arabic,Dubai,DIFC,374,31,8.29,41.81,304.16,0.376,0.718,10,Lamb Mandi
RST00491,Al Safadi Marina,Arabic,Dubai,Marina,369,63,17.07,40.78,306.88,0.484,0.252,10,Hummus Platter
RST00497,Bollywood Bites Al Majaz,Indian,Sharjah,Al Majaz,386,34,8.81,41.5,57.48,0.379,0.716,10,Palak Paneer
RST00502,Bombay Kitchen Garhoud,Indian,Dubai,Garhoud,390,52,13.33,44.63,113.83,0.418,0.578,10,Gulab Jamun
RST00514,Pinoy Kitchen Jumeirah,Filipino,Dubai,Jumeirah,422,31,7.35,44.1,96.41,0.333,0.909,10,Sisig Rice Bowl
RST00532,Chao Fan Express Al Taawun,Chinese,Sharjah,Al Taawun,405,50,12.35,43.67,54.87,0.425,0.521,10,Steamed Dumplings
RST00540,Patty Perfect Muhaisnah,American,Dubai,Muhaisnah,384,51,13.28,43.08,63.65,0.383,0.674,10,Loaded Fries
RST00550,Golden Curry Al Reem Island,Indian,Abu Dhabi,Al Reem Island,384,58,15.1,43.44,115.04,0.381,0.697,10,Gulab Jamun
RST00553,Beirut Express Al Furjan,Lebanese,Dubai,Al Furjan,390,46,11.79,43.25,118.15,0.417,0.584,10,Baba Ghanoush
RST00557,Khaleeji Bites Hamdan Street,Arabic,Abu Dhabi,Hamdan Street,360,27,7.5,43.06,125.25,0.351,0.833,10,Kabsa
RST00578,Al Dawaar Grill Khalifa City,Arabic,Abu Dhabi,Khalifa City,446,45,10.09,42.82,125.68,0.367,0.77,10,Jareesh
RST00593,Golden Curry Arabian Ranches,Indian,Dubai,Arabian Ranches,380,47,12.37,41.01,115.08,0.434,0.477,10,Palak Paneer
RST00603,Golden Curry Muwaileh,Indian,Sharjah,Muwaileh,394,38,9.64,43.32,56.36,0.382,0.683,10,Butter Chicken
RST00604,Pampanga Kitchen Mirdif,Filipino,Dubai,Mirdif,393,55,13.99,42.55,100.58,0.418,0.551,10,Kare Kare
RST00612,Haleem Express Downtown,Pakistani,Dubai,Downtown,398,66,16.58,41.94,214.46,0.413,0.548,10,Aloo Gosht
RST00620,Golden Curry Al Reef,Indian,Abu Dhabi,Al Reef,424,53,12.5,44.87,57.06,0.358,0.827,10,Lamb Rogan Josh
RST00636,Smash & Stack Oud Metha,American,Dubai,Oud Metha,386,40,10.36,41.74,123.49,0.339,0.873,10,Chocolate Milkshake
RST00650,Spice Route Al Taawun,Indian,Sharjah,Al Taawun,382,51,13.35,43.29,57.22,0.39,0.698,10,Butter Chicken
RST00654,Sarap Dito Al Taawun,Filipino,Sharjah,Al Taawun,414,39,9.42,43.45,49.59,0.373,0.755,10,Longganisa Rice
RST00657,Desi Zaika Oud Metha,Pakistani,Dubai,Oud Metha,378,47,12.43,43.14,102.99,0.368,0.754,10,Seekh Kebab
RST00659,Sakura Sushi Garhoud,Japanese,Dubai,Garhoud,373,24,6.43,41.45,155.99,0.322,0.915,10,Edamame
RST00673,Masala Junction Al Majaz,Indian,Sharjah,Al Majaz,378,40,10.58,43.38,56.66,0.381,0.714,10,Garlic Naan
RST00678,BBQ Tonight Downtown,Pakistani,Dubai,Downtown,377,31,8.22,43.1,217.54,0.344,0.84,10,Mutton Biryani
RST00686,Saffron Table JLT,Indian,Dubai,JLT,385,43,11.17,42.2,115.4,0.39,0.657,10,Lamb Rogan Josh
RST00703,Golden Curry JLT,Indian,Dubai,JLT,392,43,10.97,43.66,116.41,0.352,0.816,10,Chicken Biryani
RST00704,Chai & Spice Al Nuaimiya,Indian,Ajman,Al Nuaimiya,364,41,11.26,43.53,58.94,0.405,0.623,10,Lamb Rogan Josh
RST00721,Golden Curry International City,Indian,Dubai,International City,369,31,8.4,43.09,55.37,0.368,0.791,10,Lamb Rogan Josh
RST00724,La Cucina Al Furjan,Italian,Dubai,Al Furjan,389,48,12.34,43.46,136.91,0.418,0.537,10,Risotto ai Funghi
RST00735,Peshawar Wala Downtown,Pakistani,Dubai,Downtown,413,58,14.04,42.11,226.79,0.363,0.738,10,Nihari
RST00741,Lahori Chaska Business Bay,Pakistani,Dubai,Business Bay,392,41,10.46,44.0,101.07,0.341,0.867,10,Paya Soup
RST00760,Golden Curry Muwaileh,Indian,Sharjah,Muwaileh,408,40,9.8,43.35,56.18,0.386,0.673,10,Palak Paneer
RST00762,Capricciosa Al Raha Beach,Italian,Abu Dhabi,Al Raha Beach,378,36,9.52,42.38,344.55,0.343,0.868,10,Cannoli Siciliani
RST00768,Taco Loco Al Furjan,Mexican,Dubai,Al Furjan,359,45,12.53,44.36,114.37,0.415,0.606,3,Beef Tacos (3pcs)
RST00772,Wasabi Kitchen Jumeirah Village Triangle,Japanese,Dubai,Jumeirah Village Triangle,374,43,11.5,43.32,152.27,0.371,0.796,10,Miso Soup
RST00775,Desi Zaika Jumeirah Village Circle,Pakistani,Dubai,Jumeirah Village Circle,389,42,10.8,42.02,107.52,0.398,0.646,10,Aloo Gosht
RST00789,Namaste Kitchen Business Bay,Indian,Dubai,Business Bay,362,24,6.63,42.64,110.95,0.306,0.993,10,Chicken Biryani
RST00797,Pampanga Kitchen Muwaileh,Filipino,Sharjah,Muwaileh,378,59,15.61,43.58,50.76,0.441,0.52,10,Chicken Adobo
RST00811,Amalfi Table Khalidiyah,Italian,Abu Dhabi,Khalidiyah,438,52,11.87,43.57,134.99,0.421,0.527,10,Caprese Salad
RST00821,Spice Route Muhaisnah,Indian,Dubai,Muhaisnah,397,41,10.33,42.72,58.44,0.352,0.819,10,Mango Lassi
RST00823,Khaleeji Bites Mirdif,Arabic,Dubai,Mirdif,361,43,11.91,42.73,137.31,0.408,0.589,10,Machboos
RST00836,Khaleeji Bites Al Shamkha,Arabic,Abu Dhabi,Al Shamkha,357,30,8.4,42.07,64.71,0.332,0.907,10,Kabsa
RST00840,Sarap Dito Arabian Ranches,Filipino,Dubai,Arabian Ranches,384,49,12.76,44.26,98.35,0.419,0.583,10,Chicken Adobo
RST00846,BBQ Smokehouse Motor City,American,Dubai,Motor City,371,37,9.97,42.41,124.87,0.383,0.699,10,Crispy Chicken Sandwich
RST00849,Shawarma Station Bur Dubai,Arabic,Dubai,Bur Dubai,435,32,7.36,43.77,65.17,0.332,0.917,10,Chicken Shawarma
RST00856,Jade Garden Corniche,Chinese,Abu Dhabi,Corniche,423,51,12.06,42.15,232.6,0.386,0.66,10,Steamed Dumplings
RST00861,Leila Restaurant Creek Harbour,Lebanese,Dubai,Creek Harbour,384,37,9.64,43.72,249.35,0.36,0.79,10,Kafta Wrap
RST00869,Trattoria Roma Muwaileh,Italian,Sharjah,Muwaileh,380,31,8.16,40.73,69.13,0.362,0.763,10,Tiramisu
RST00875,Golden Dragon Al Jurf,Chinese,Ajman,Al Jurf,386,50,12.95,43.91,54.7,0.42,0.535,10,Peking Duck Wrap
RST00882,Sakura Sushi Dubai Hills,Japanese,Dubai,Dubai Hills,396,43,10.86,42.51,333.39,0.404,0.617,10,Beef Gyoza (6pcs)
RST00888,Namaste Kitchen Palm Jumeirah,Indian,Dubai,Palm Jumeirah,394,41,10.41,43.39,238.78,0.303,0.971,10,Mango Lassi
RST00891,Maharaja Palace Business Bay,Indian,Dubai,Business Bay,381,42,11.02,43.1,116.91,0.412,0.588,10,Chicken Biryani
RST00894,Masala Junction Karama,Indian,Dubai,Karama,387,37,9.56,42.95,56.01,0.312,0.986,10,Chicken Biryani
RST00921,Green Valley Pakistani Al Rashidiya,Pakistani,Ajman,Al Rashidiya,364,40,10.99,42.54,52.68,0.385,0.672,10,Sheer Khurma
RST00924,Cedar Tree Al Reem Island,Lebanese,Abu Dhabi,Al Reem Island,393,42,10.69,42.38,109.24,0.357,0.769,10,Warak Dawali
RST00931,Green Valley Pakistani Al Shamkha,Pakistani,Abu Dhabi,Al Shamkha,344,31,9.01,41.97,51.37,0.319,0.921,10,Karahi Chicken
RST00938,Pinoy Kitchen DIFC,Filipino,Dubai,DIFC,413,38,9.2,41.67,190.33,0.404,0.572,10,Longganisa Rice
RST00943,Pizza Express Dubai Business Bay,Italian,Dubai,Business Bay,390,43,11.03,41.0,146.64,0.358,0.741,10,Margherita Pizza
RST00954,Curry Leaf Oud Metha,Indian,Dubai,Oud Metha,401,47,11.72,41.36,113.48,0.381,0.718,10,Mango Lassi
RST00962,Mezze House Business Bay,Lebanese,Dubai,Business Bay,370,43,11.62,43.6,117.0,0.367,0.764,10,Knafeh
RST00978,Al Safadi Al Nuaimiya,Arabic,Ajman,Al Nuaimiya,384,53,13.8,42.09,66.89,0.407,0.6,10,Hummus Platter
RST00981,Dynasty Kitchen Al Nahda,Chinese,Sharjah,Al Nahda,358,49,13.69,42.83,56.46,0.489,0.249,10,Spring Rolls (4pcs)
RST00983,All American Diner Al Majaz,American,Sharjah,Al Majaz,399,48,12.03,42.06,59.14,0.332,0.893,10,Onion Rings
RST00989,Dynasty Kitchen Mirdif,Chinese,Dubai,Mirdif,352,41,11.65,40.11,107.35,0.365,0.741,10,Mapo Tofu
RST00997,Al Safadi Downtown,Arabic,Dubai,Downtown,382,33,8.64,44.16,286.5,0.354,0.842,10,Chicken Shawarma
RST01001,Dumpling Republic Muwaileh,Chinese,Sharjah,Muwaileh,401,65,16.21,43.32,54.88,0.49,0.269,10,Peking Duck Wrap
RST01002,Suhoor Lounge Oud Metha,Arabic,Dubai,Oud Metha,373,32,8.58,44.21,122.5,0.326,0.923,10,Jareesh
RST01003,Zaatar w Zeit Business Bay,Lebanese,Dubai,Business Bay,380,43,11.32,41.8,115.93,0.366,0.743,10,Lamb Kibbeh
RST01013,BBQ Tonight Dubai South,Pakistani,Dubai,Dubai South,420,31,7.38,43.69,54.65,0.345,0.858,10,Mutton Biryani
RST01023,Thai Orchid Discovery Gardens,Thai,Dubai,Discovery Gardens,368,58,15.76,42.13,53.97,0.426,0.48,5,Mango Sticky Rice
RST01037,Al Hamra Pakistani Corniche,Pakistani,Abu Dhabi,Corniche,407,36,8.85,41.76,214.78,0.353,0.81,10,Nihari
RST01038,Arabian Nights Kitchen Business Bay,Arabic,Dubai,Business Bay,373,36,9.65,43.97,132.71,0.379,0.696,10,Chicken Shawarma
RST01042,Karachi Darbar Al Reem Island,Pakistani,Abu Dhabi,Al Reem Island,388,65,16.75,41.64,108.78,0.429,0.478,10,Seekh Kebab
RST01050,Sarap Dito Al Mushrif,Filipino,Abu Dhabi,Al Mushrif,388,49,12.63,42.73,96.67,0.412,0.546,10,Sisig Rice Bowl
RST01060,Peshawar Wala Creek Harbour,Pakistani,Dubai,Creek Harbour,398,51,12.81,43.47,223.02,0.387,0.674,10,Chapli Kebab
RST01062,Al Dawaar Grill JLT,Arabic,Dubai,JLT,379,35,9.23,45.89,124.14,0.352,0.857,10,Falafel Wrap
RST01070,Royal Biryani House Jumeirah,Indian,Dubai,Jumeirah,366,33,9.02,42.51,112.14,0.313,0.956,10,Mango Lassi
RST01078,Bombay Kitchen Al Taawun,Indian,Sharjah,Al Taawun,377,46,12.2,43.52,56.33,0.407,0.626,10,Chicken Tikka Masala
RST01079,Emirati Table Bur Dubai,Arabic,Dubai,Bur Dubai,394,56,14.21,42.46,66.12,0.442,0.432,10,Grilled Hammour
RST01080,Masala Junction Business Bay,Indian,Dubai,Business Bay,377,50,13.26,42.58,114.94,0.416,0.561,10,Palak Paneer
RST01084,Al Safadi JLT,Arabic,Dubai,JLT,388,57,14.69,41.92,122.86,0.418,0.549,10,Kabsa
RST01096,Golden Dragon Festival City,Chinese,Dubai,Festival City,419,42,10.02,43.42,227.66,0.369,0.737,10,Dim Sum Basket
RST01122,Adobo House Al Reef,Filipino,Abu Dhabi,Al Reef,399,42,10.53,42.83,49.46,0.398,0.639,10,Lechon Kawali
RST01148,Nonna Rosa Oud Metha,Italian,Dubai,Oud Metha,370,47,12.7,43.4,142.47,0.39,0.685,10,Chicken Parmigiana
RST01157,Al Safadi Discovery Gardens,Arabic,Dubai,Discovery Gardens,393,43,10.94,43.22,64.33,0.369,0.732,10,Machboos
RST01170,Al Dawaar Grill Marina,Arabic,Dubai,Marina,403,35,8.68,41.85,286.12,0.331,0.895,10,Falafel Wrap
RST01174,Suhoor Lounge Corniche,Arabic,Abu Dhabi,Corniche,392,40,10.2,41.67,290.75,0.342,0.83,10,Machboos
RST01176,Pinoy Kitchen Al Barsha,Filipino,Dubai,Al Barsha,394,57,14.47,44.38,95.95,0.459,0.439,10,Longganisa Rice
RST01179,Jade Garden Muwaileh,Chinese,Sharjah,Muwaileh,387,38,9.82,42.96,56.31,0.352,0.836,10,Sweet & Sour Pork
RST01195,Noodle Bar Shanghai JLT,Chinese,Dubai,JLT,375,46,12.27,42.69,117.08,0.44,0.474,10,Sweet & Sour Pork
RST01196,Sisig Station Al Reem Island,Filipino,Abu Dhabi,Al Reem Island,385,41,10.65,42.52,98.57,0.393,0.677,10,Kare Kare
RST01208,Saffron Table Jumeirah Village Triangle,Indian,Dubai,Jumeirah Village Triangle,356,46,12.92,42.43,114.7,0.351,0.828,10,Mango Lassi
RST01221,Peking House Khalidiyah,Chinese,Abu Dhabi,Khalidiyah,360,34,9.44,41.08,110.46,0.335,0.87,10,Wonton Soup
RST01224,Ramen Republic Mirdif,Japanese,Dubai,Mirdif,410,43,10.49,45.48,156.31,0.352,0.82,10,Beef Gyoza (6pcs)
RST01230,Bollywood Bites Al Barsha,Indian,Dubai,Al Barsha,365,33,9.04,42.33,119.2,0.364,0.763,10,Palak Paneer
RST01231,Maharaja Palace Deira,Indian,Dubai,Deira,363,29,7.99,41.11,57.06,0.332,0.867,10,Chicken Biryani
RST01249,Burger District Business Bay,American,Dubai,Business Bay,395,51,12.91,41.67,120.18,0.424,0.509,10,Philly Cheesesteak
RST01254,Nihari House Al Taawun,Pakistani,Sharjah,Al Taawun,393,41,10.43,43.66,50.43,0.378,0.727,10,Chapli Kebab
RST01289,Nashville Hot Silicon Oasis,American,Dubai,Silicon Oasis,414,35,8.45,44.04,63.72,0.338,0.846,10,Philly Cheesesteak
RST01301,Leila Restaurant JLT,Lebanese,Dubai,JLT,386,61,15.8,43.89,114.34,0.408,0.599,10,Chicken Tawook
RST01303,Haleem Express Downtown,Pakistani,Dubai,Downtown,387,46,11.89,42.65,221.03,0.38,0.74,10,Paya Soup
RST01305,Bombay Kitchen Jumeirah,Indian,Dubai,Jumeirah,377,41,10.88,42.32,115.49,0.403,0.641,10,Mango Lassi
RST01324,Mezze House Al Nahda,Lebanese,Sharjah,Al Nahda,401,52,12.97,43.63,59.75,0.38,0.728,10,Fattoush Salad
RST01348,Bollywood Bites JLT,Indian,Dubai,JLT,373,48,12.87,42.81,111.1,0.375,0.677,10,Dal Makhani
RST01352,Patty Perfect Creek Harbour,American,Dubai,Creek Harbour,381,43,11.29,43.56,270.91,0.369,0.772,10,Onion Rings
RST01363,Noodle Bar Shanghai Al Nahda,Chinese,Sharjah,Al Nahda,382,46,12.04,43.35,53.84,0.45,0.466,10,Beef Chow Mein
RST01366,Al Dawaar Grill Al Rashidiya,Arabic,Ajman,Al Rashidiya,378,54,14.29,42.97,64.62,0.421,0.547,10,Falafel Wrap
RST01371,Punjab Grill Al Taawun,Indian,Sharjah,Al Taawun,383,38,9.92,42.5,55.08,0.408,0.581,10,Samosa (2pcs)
RST01391,Jade Garden Al Shamkha,Chinese,Abu Dhabi,Al Shamkha,358,36,10.06,42.37,55.68,0.389,0.692,10,Mapo Tofu
RST01398,Leila Restaurant Mohammed Bin Zayed City,Lebanese,Abu Dhabi,Mohammed Bin Zayed City,388,32,8.25,42.9,58.82,0.368,0.761,10,Fattoush Salad
RST01406,Bedouin Kitchen Al Nuaimiya,Arabic,Ajman,Al Nuaimiya,384,42,10.94,41.85,61.06,0.366,0.74,10,Jareesh
RST01413,Shake Shack Express Al Nuaimiya,American,Ajman,Al Nuaimiya,383,38,9.92,42.55,61.69,0.333,0.891,10,Classic Smash Burger
RST01423,Royal Biryani House Marina,Indian,Dubai,Marina,386,37,9.59,45.86,253.67,0.343,0.9,10,Butter Chicken
RST01438,Il Pomodoro Al Reem Island,Italian,Abu Dhabi,Al Reem Island,362,42,11.6,42.86,136.26,0.384,0.716,10,Cannoli Siciliani
RST01441,Zaatar w Zeit Discovery Gardens,Lebanese,Dubai,Discovery Gardens,388,36,9.28,43.45,56.17,0.373,0.73,10,Manakeesh Zaatar
RST01442,Pampanga Kitchen Marina,Filipino,Dubai,Marina,391,65,16.62,43.56,200.2,0.436,0.486,10,Kare Kare
RST01486,Adobo House Al Quoz,Filipino,Dubai,Al Quoz,413,47,11.38,42.19,50.97,0.396,0.645,10,Pancit Canton
RST01488,Byblos on the Sea Marina,Lebanese,Dubai,Marina,376,31,8.24,43.97,249.61,0.356,0.827,10,Knafeh
RST01496,Taco Loco Al Jurf,Mexican,Ajman,Al Jurf,377,27,7.16,41.49,58.68,0.354,0.824,3,Loaded Nachos
RST01509,Dumpling Republic JLT,Chinese,Dubai,JLT,416,36,8.65,43.26,109.01,0.362,0.808,10,Steamed Dumplings
RST01512,Bombay Kitchen Al Raha Beach,Indian,Abu Dhabi,Al Raha Beach,414,39,9.42,42.49,251.79,0.345,0.834,10,Gulab Jamun
RST01513,Saffron Table Jumeirah Village Circle,Indian,Dubai,Jumeirah Village Circle,385,36,9.35,44.27,118.02,0.357,0.818,10,Butter Chicken
RST01517,Dynasty Kitchen Jumeirah Village Triangle,Chinese,Dubai,Jumeirah Village Triangle,380,35,9.21,42.71,103.81,0.35,0.815,10,Fried Rice Special
RST01518,Curry Leaf Masdar City,Indian,Abu Dhabi,Masdar City,357,46,12.89,43.78,115.67,0.428,0.513,10,Butter Chicken
RST01532,Capricciosa Bur Dubai,Italian,Dubai,Bur Dubai,440,47,10.68,42.98,67.47,0.36,0.754,10,Margherita Pizza
RST01550,Bombay Kitchen Corniche,Indian,Abu Dhabi,Corniche,390,41,10.51,42.52,242.44,0.344,0.801,10,Butter Chicken
RST01558,Tandoor House Jumeirah,Indian,Dubai,Jumeirah,390,59,15.13,41.55,112.8,0.417,0.562,10,Palak Paneer
RST01561,Bangkok Bites Palm Jumeirah,Thai,Dubai,Palm Jumeirah,387,36,9.3,41.86,221.38,0.389,0.669,5,Pad Thai
RST01565,Burrito Bandido Al Majaz,Mexican,Sharjah,Al Majaz,393,52,13.23,42.86,57.42,0.459,0.408,3,Beef Tacos (3pcs)
RST01571,Golden Curry Saadiyat Island,Indian,Abu Dhabi,Saadiyat Island,366,40,10.93,41.19,255.02,0.343,0.835,10,Gulab Jamun
RST01573,Ihaw Ihaw Al Muroor,Filipino,Abu Dhabi,Al Muroor,411,40,9.73,43.22,48.79,0.362,0.771,10,Halo Halo
RST01578,Cedar Tree Al Nahda,Lebanese,Sharjah,Al Nahda,374,35,9.36,43.02,58.11,0.37,0.698,10,Lamb Kibbeh
RST01580,Saffron Table Al Mushrif,Indian,Abu Dhabi,Al Mushrif,379,58,15.3,42.58,114.05,0.4,0.617,10,Butter Chicken
RST01591,Mumbai Street Food Jumeirah Village Triangle,Indian,Dubai,Jumeirah Village Triangle,369,49,13.28,41.88,117.88,0.382,0.709,10,Garlic Naan
RST01599,Saffron Table Garhoud,Indian,Dubai,Garhoud,407,40,9.83,42.48,117.18,0.337,0.874,10,Palak Paneer
RST01607,Golden Curry Al Nahda,Indian,Sharjah,Al Nahda,377,59,15.65,43.92,55.99,0.451,0.462,10,Chicken Tikka Masala
RST01616,BBQ Tonight Dubai Hills,Pakistani,Dubai,Dubai Hills,371,53,14.29,43.45,216.92,0.429,0.518,10,Sheer Khurma
RST01617,Mandi House Al Quoz,Arabic,Dubai,Al Quoz,396,51,12.88,43.36,60.62,0.38,0.704,10,Hummus Platter
RST01638,Peshawar Wala Satwa,Pakistani,Dubai,Satwa,402,43,10.7,42.38,52.37,0.407,0.582,10,Haleem
RST01640,BBQ Smokehouse Festival City,American,Dubai,Festival City,347,40,11.53,43.35,260.5,0.392,0.658,10,Philly Cheesesteak
RST01641,Zaatar w Zeit Khalifa City,Lebanese,Abu Dhabi,Khalifa City,404,28,6.93,43.81,115.53,0.327,0.943,10,Manakeesh Zaatar
RST01656,Jollibee Express Tourist Club Area,Filipino,Abu Dhabi,Tourist Club Area,401,62,15.46,42.86,93.88,0.464,0.375,10,Halo Halo
RST01662,Punjab Grill Mirdif,Indian,Dubai,Mirdif,402,50,12.44,43.02,113.52,0.396,0.651,10,Lamb Rogan Josh
RST01665,Chao Fan Express Garhoud,Chinese,Dubai,Garhoud,392,25,6.38,42.5,109.28,0.327,0.947,10,Fried Rice Special
RST01666,Arabian Nights Kitchen Marina,Arabic,Dubai,Marina,397,37,9.32,42.76,287.54,0.36,0.771,10,Machboos
RST01675,Golden Dragon Khalidiyah,Chinese,Abu Dhabi,Khalidiyah,389,43,11.05,43.48,112.74,0.338,0.865,10,Steamed Dumplings
RST01684,Nihari House International City,Pakistani,Dubai,International City,395,32,8.1,44.14,51.08,0.362,0.769,10,Paya Soup
RST01696,Dynasty Kitchen Al Reem Island,Chinese,Abu Dhabi,Al Reem Island,392,52,13.27,43.88,116.0,0.451,0.434,10,Fried Rice Special
RST01699,Al Waha Lebanese Garhoud,Lebanese,Dubai,Garhoud,379,47,12.4,43.99,114.64,0.402,0.631,10,Knafeh
RST01712,Namaste Kitchen Al Raha Beach,Indian,Abu Dhabi,Al Raha Beach,426,41,9.62,42.56,230.75,0.356,0.783,10,Lamb Rogan Josh
RST01722,Nashville Hot Al Nahda,American,Sharjah,Al Nahda,401,45,11.22,42.97,59.88,0.409,0.585,10,Beef Hot Dog
RST01725,Chai & Spice Business Bay,Indian,Dubai,Business Bay,411,33,8.03,44.33,118.38,0.329,0.934,10,Palak Paneer
RST01732,Delhi Darbar DIFC,Indian,Dubai,DIFC,371,50,13.48,43.36,249.74,0.391,0.671,10,Chicken Biryani
RST01739,Emirati Table JLT,Arabic,Dubai,JLT,348,34,9.77,42.63,128.08,0.394,0.666,10,Lamb Mandi
RST01741,Islamabad Grill Jumeirah Village Triangle,Pakistani,Dubai,Jumeirah Village Triangle,383,50,13.05,42.19,100.51,0.391,0.625,10,Mutton Biryani
RST01743,Five Guys Kitchen Jumeirah Village Circle,American,Dubai,Jumeirah Village Circle,358,45,12.57,41.26,124.8,0.36,0.779,10,Onion Rings
RST01754,Burrito Bandido Al Quoz,Mexican,Dubai,Al Quoz,368,52,14.13,43.06,56.63,0.446,0.482,3,Loaded Nachos
RST01765,Maharaja Palace Karama,Indian,Dubai,Karama,380,44,11.58,42.72,57.27,0.402,0.618,10,Dal Makhani
RST01766,Capricciosa Bur Dubai,Italian,Dubai,Bur Dubai,402,47,11.69,43.71,70.45,0.366,0.736,10,Cannoli Siciliani
RST01770,Dim Sum Palace Garhoud,Chinese,Dubai,Garhoud,412,44,10.68,43.96,103.73,0.347,0.843,10,Sweet & Sour Pork
RST01772,BBQ Tonight Al Nuaimiya,Pakistani,Ajman,Al Nuaimiya,379,57,15.04,42.05,55.04,0.428,0.509,10,Chapli Kebab
RST01789,Zaatar w Zeit Karama,Lebanese,Dubai,Karama,371,58,15.63,42.51,56.9,0.454,0.39,10,Kafta Wrap
RST01791,All American Diner Palm Jumeirah,American,Dubai,Palm Jumeirah,376,39,10.37,40.86,253.55,0.374,0.707,10,Nashville Hot Tenders
RST01799,Bangkok Bites Electra Street,Thai,Abu Dhabi,Electra Street,406,57,14.04,42.51,107.56,0.428,0.534,5,Pad Thai
RST01808,Dumpling Republic Downtown,Chinese,Dubai,Downtown,381,32,8.4,44.75,247.44,0.354,0.805,10,Peking Duck Wrap
RST01838,Five Guys Kitchen Downtown,American,Dubai,Downtown,405,49,12.1,42.19,260.4,0.39,0.646,10,Onion Rings
RST01852,Shake Shack Express Al Barsha,American,Dubai,Al Barsha,401,31,7.73,43.01,119.32,0.353,0.793,10,Classic Smash Burger
RST01857,Namaste Kitchen International City,Indian,Dubai,International City,406,52,12.81,42.39,57.57,0.41,0.6,10,Butter Chicken
RST01859,Al Waha Lebanese Silicon Oasis,Lebanese,Dubai,Silicon Oasis,356,46,12.92,41.67,56.29,0.408,0.601,10,Knafeh
RST01868,Jollibee Express Al Barsha,Filipino,Dubai,Al Barsha,365,49,13.42,40.5,103.46,0.404,0.578,10,Longganisa Rice
RST01875,Lucky Wok Silicon Oasis,Chinese,Dubai,Silicon Oasis,394,73,18.53,42.85,52.96,0.518,0.136,10,Dim Sum Basket
RST01879,Desi Zaika Silicon Oasis,Pakistani,Dubai,Silicon Oasis,390,32,8.21,44.01,50.39,0.328,0.889,10,Nihari
RST01911,Islamabad Grill Al Reem Island,Pakistani,Abu Dhabi,Al Reem Island,394,38,9.64,43.51,104.83,0.372,0.751,10,Mutton Biryani
RST01914,Bella Napoli Mirdif,Italian,Dubai,Mirdif,381,42,11.02,42.98,142.39,0.39,0.672,10,Cannoli Siciliani
RST01931,Spice Route Al Shamkha,Indian,Abu Dhabi,Al Shamkha,408,37,9.07,43.05,61.05,0.355,0.836,10,Palak Paneer
RST01935,Saffron Table Silicon Oasis,Indian,Dubai,Silicon Oasis,394,37,9.39,42.97,56.72,0.351,0.831,10,Samosa (2pcs)
RST01938,Babel Beirut Deira,Lebanese,Dubai,Deira,412,32,7.77,42.58,57.22,0.36,0.788,10,Shanklish Salad
RST01952,Al Hamra Pakistani Al Quoz,Pakistani,Dubai,Al Quoz,351,27,7.69,42.31,50.65,0.32,0.929,10,Seekh Kebab
RST01958,Al Hamra Pakistani Al Nahda,Pakistani,Sharjah,Al Nahda,406,42,10.34,42.44,51.47,0.308,0.978,10,Paya Soup
RST01961,Green Valley Pakistani Muwaileh,Pakistani,Sharjah,Muwaileh,413,45,10.9,42.76,52.59,0.381,0.718,10,Seekh Kebab
RST01974,Dim Sum Palace Yas Island,Chinese,Abu Dhabi,Yas Island,422,25,5.92,41.05,233.67,0.327,0.879,10,Steamed Dumplings
RST01987,Namaste Kitchen Deira,Indian,Dubai,Deira,377,38,10.08,44.48,57.48,0.369,0.782,10,Chicken Biryani
RST01989,Sashimi Bar Marina,Japanese,Dubai,Marina,376,46,12.23,43.94,356.6,0.376,0.744,10,Beef Gyoza (6pcs)
RST01994,Shawarma Station Garhoud,Arabic,Dubai,Garhoud,376,35,9.31,41.59,128.53,0.375,0.719,10,Lamb Mandi
RST00002,Bella Napoli Al Nahda Dubai,Italian,Dubai,Al Nahda Dubai,390,35,8.97,43.21,74.49,0.356,0.804,10,Pasta Carbonara
RST00003,Peshawar Wala Silicon Oasis,Pakistani,Dubai,Silicon Oasis,371,32,8.63,42.07,52.8,0.324,0.949,10,Daal Chawal
RST00009,Chao Fan Express Al Rashidiya,Chinese,Ajman,Al Rashidiya,342,29,8.48,43.98,52.81,0.347,0.84,10,Beef Chow Mein
RST00025,Burrito Bandido Al Barsha,Mexican,Dubai,Al Barsha,378,51,13.49,41.68,111.75,0.349,0.812,3,Chicken Burrito
RST00034,Karachi Darbar Al Karamah,Pakistani,Abu Dhabi,Al Karamah,390,41,10.51,43.41,107.58,0.367,0.759,10,Haleem
RST00041,Adobo House Al Barsha,Filipino,Dubai,Al Barsha,352,48,13.64,43.08,98.65,0.389,0.672,10,Crispy Pata
RST00043,Lahori Chaska Khalifa City,Pakistani,Abu Dhabi,Khalifa City,372,42,11.29,43.56,103.72,0.439,0.477,10,Seekh Kebab
RST00061,Al Hamra Pakistani Bur Dubai,Pakistani,Dubai,Bur Dubai,349,30,8.6,40.94,52.72,0.34,0.876,10,Karahi Chicken
RST00075,Mumbai Street Food Marina,Indian,Dubai,Marina,348,27,7.76,40.99,252.37,0.316,0.945,10,Lamb Rogan Josh
RST00077,Punjab Grill Al Taawun,Indian,Sharjah,Al Taawun,409,41,10.02,43.63,55.2,0.345,0.862,10,Chicken Tikka Masala
RST00079,Pad Thai House Palm Jumeirah,Thai,Dubai,Palm Jumeirah,397,43,10.83,40.94,223.85,0.316,0.953,5,Green Curry Chicken
RST00086,Haleem Express Al Shamkha,Pakistani,Abu Dhabi,Al Shamkha,383,51,13.32,42.24,51.44,0.373,0.729,10,Aloo Gosht
RST00091,All American Diner Dubai Hills,American,Dubai,Dubai Hills,377,31,8.22,42.22,264.89,0.346,0.843,10,Crispy Chicken Sandwich
RST00100,Mandi House Marina,Arabic,Dubai,Marina,389,54,13.88,43.59,301.96,0.376,0.754,10,Chicken Shawarma
RST00106,Curry Leaf Al Jurf,Indian,Ajman,Al Jurf,358,42,11.73,41.97,58.72,0.402,0.636,10,Garlic Naan
RST00107,Nihari House Al Mushrif,Pakistani,Abu Dhabi,Al Mushrif,381,41,10.76,42.86,100.84,0.41,0.603,10,Haleem
RST00128,Namaste Kitchen Al Mushrif,Indian,Abu Dhabi,Al Mushrif,330,28,8.48,41.32,107.96,0.364,0.77,10,Gulab Jamun
RST00130,Delhi Darbar Al Nahda,Indian,Sharjah,Al Nahda,385,46,11.95,43.34,56.79,0.369,0.753,10,Dal Makhani
RST00133,Dumpling Republic Oud Metha,Chinese,Dubai,Oud Metha,359,50,13.93,42.87,113.9,0.405,0.568,10,Spring Rolls (4pcs)
RST00139,Haleem Express Marina,Pakistani,Dubai,Marina,401,37,9.23,42.75,222.71,0.353,0.83,10,Haleem
RST00161,Tagalog Tastes Al Majaz,Filipino,Sharjah,Al Majaz,388,32,8.25,41.66,49.02,0.332,0.894,10,Kare Kare
RST00170,BBQ Tonight Muwaileh,Pakistani,Sharjah,Muwaileh,393,53,13.49,43.88,53.62,0.417,0.558,10,Mutton Biryani
RST00183,Taco Loco Deira,Mexican,Dubai,Deira,377,44,11.67,42.02,56.47,0.41,0.57,3,Chicken Burrito
RST00184,Chai & Spice DIFC,Indian,Dubai,DIFC,383,39,10.18,43.15,228.66,0.383,0.687,10,Gulab Jamun
RST00193,Pizza Express Dubai Business Bay,Italian,Dubai,Business Bay,369,37,10.03,41.54,136.35,0.374,0.694,10,Pasta Carbonara
RST00195,Haleem Express Garhoud,Pakistani,Dubai,Garhoud,405,44,10.86,42.62,101.5,0.351,0.832,10,Haleem
RST00197,Maharaja Palace Al Barsha,Indian,Dubai,Al Barsha,385,47,12.21,42.27,111.3,0.368,0.747,10,Butter Chicken
RST00213,Five Guys Kitchen Muwaileh,American,Sharjah,Muwaileh,383,23,6.01,41.79,60.79,0.329,0.87,10,Onion Rings
RST00219,Burger District Electra Street,American,Abu Dhabi,Electra Street,365,35,9.59,43.79,115.26,0.383,0.699,10,Onion Rings
RST00220,Sarap Dito JLT,Filipino,Dubai,JLT,423,34,8.04,41.76,96.25,0.361,0.741,10,Longganisa Rice
RST00225,Spice Route Saadiyat Island,Indian,Abu Dhabi,Saadiyat Island,371,37,9.97,40.84,241.56,0.385,0.665,10,Mango Lassi
RST00243,Khaleeji Bites International City,Arabic,Dubai,International City,389,51,13.11,43.08,64.75,0.4,0.59,10,Kabsa
RST00244,Nihari House Al Reem Island,Pakistani,Abu Dhabi,Al Reem Island,386,48,12.44,42.36,101.61,0.399,0.612,10,Paya Soup
RST00265,Khaleeji Bites Palm Jumeirah,Arabic,Dubai,Palm Jumeirah,420,57,13.57,42.78,306.6,0.397,0.629,10,Kabsa
RST00271,The Wing Co Creek Harbour,American,Dubai,Creek Harbour,383,35,9.14,43.45,252.34,0.388,0.683,10,Onion Rings
RST00292,Chai & Spice Al Nahda,Indian,Sharjah,Al Nahda,375,41,10.93,43.58,57.67,0.353,0.829,10,Gulab Jamun
RST00310,Fattoush Kitchen Downtown,Lebanese,Dubai,Downtown,366,39,10.66,41.3,249.92,0.376,0.675,10,Fattoush Salad
RST00317,Tagalog Tastes Shahama,Filipino,Abu Dhabi,Shahama,368,54,14.67,43.25,52.43,0.401,0.651,10,Kare Kare
RST00325,Jollibee Express Motor City,Filipino,Dubai,Motor City,382,41,10.73,43.12,98.87,0.357,0.765,10,Longganisa Rice
RST00336,Saffron Table Al Nahda Dubai,Indian,Dubai,Al Nahda Dubai,396,36,9.09,42.94,56.15,0.336,0.856,10,Chicken Tikka Masala
RST00349,Delhi Darbar DIFC,Indian,Dubai,DIFC,362,55,15.19,43.11,250.18,0.42,0.583,10,Lamb Rogan Josh
RST00371,Pizza Express Dubai Al Quoz,Italian,Dubai,Al Quoz,394,35,8.88,42.26,70.27,0.372,0.784,10,Margherita Pizza
RST00373,Haleem Express Oud Metha,Pakistani,Dubai,Oud Metha,389,45,11.57,44.04,105.76,0.432,0.513,10,Haleem
RST00381,Nonna Rosa Deira,Italian,Dubai,Deira,383,44,11.49,41.95,69.06,0.343,0.848,10,Caprese Salad
RST00382,Maharaja Palace Arabian Ranches,Indian,Dubai,Arabian Ranches,375,53,14.13,42.39,116.35,0.328,0.899,10,Chicken Biryani
RST00385,Al Safadi Downtown,Arabic,Dubai,Downtown,396,47,11.87,43.46,295.52,0.394,0.639,10,Mixed Grill
RST00406,Spice Route Jumeirah,Indian,Dubai,Jumeirah,355,42,11.83,42.95,111.49,0.353,0.831,10,Garlic Naan
RST00407,Wok to Walk Downtown,Chinese,Dubai,Downtown,369,42,11.38,41.47,236.7,0.341,0.842,10,Wonton Soup
RST00423,Shawarma Station Al Nahda,Arabic,Sharjah,Al Nahda,356,53,14.89,42.4,59.46,0.451,0.441,10,Falafel Wrap
RST00425,Haleem Express Marina,Pakistani,Dubai,Marina,368,47,12.77,44.03,220.97,0.352,0.813,10,Daal Chawal
RST00440,Bedouin Kitchen Al Taawun,Arabic,Sharjah,Al Taawun,384,49,12.76,42.34,61.93,0.368,0.762,10,Falafel Wrap
RST00441,BBQ Smokehouse Al Majaz,American,Sharjah,Al Majaz,390,54,13.85,41.36,60.49,0.43,0.492,10,Chocolate Milkshake
RST00446,Pinoy Kitchen Al Khalidiyah,Filipino,Abu Dhabi,Al Khalidiyah,390,40,10.26,42.16,95.97,0.378,0.695,10,Longganisa Rice
RST00454,Shake Shack Express Al Barsha,American,Dubai,Al Barsha,406,45,11.08,42.23,115.0,0.42,0.566,10,Philly Cheesesteak
RST00455,Golden Curry Al Jurf,Indian,Ajman,Al Jurf,374,30,8.02,42.12,60.42,0.363,0.763,10,Chicken Tikka Masala
RST00459,Delhi Darbar Garhoud,Indian,Dubai,Garhoud,415,44,10.6,43.01,116.18,0.336,0.882,10,Lamb Rogan Josh
RST00464,Nobu Express Motor City,Japanese,Dubai,Motor City,393,42,10.69,43.42,156.08,0.328,0.9,10,Teriyaki Chicken Bowl
RST00466,Namaste Kitchen Al Shamkha,Indian,Abu Dhabi,Al Shamkha,370,28,7.57,42.98,58.34,0.349,0.825,10,Chicken Biryani
RST00468,Beirut Express Motor City,Lebanese,Dubai,Motor City,384,40,10.42,41.46,117.0,0.34,0.857,10,Kafta Wrap
RST00476,Noodle Bar Shanghai JLT,Chinese,Dubai,JLT,374,37,9.89,43.21,108.86,0.387,0.668,10,Dim Sum Basket
RST00480,Punjab Grill Al Barsha,Indian,Dubai,Al Barsha,380,39,10.26,43.62,117.84,0.37,0.757,10,Lamb Rogan Josh
RST00481,Fattoush Kitchen Al Barsha,Lebanese,Dubai,Al Barsha,354,43,12.15,43.63,117.76,0.378,0.747,10,Manakeesh Zaatar
RST00517,Bombay Kitchen Palm Jumeirah,Indian,Dubai,Palm Jumeirah,365,34,9.32,43.69,249.24,0.356,0.821,10,Chicken Biryani
RST00519,Saffron Table Discovery Gardens,Indian,Dubai,Discovery Gardens,412,55,13.35,41.68,55.92,0.446,0.434,10,Mango Lassi
RST00520,Shake Shack Express Mohammed Bin Zayed City,American,Abu Dhabi,Mohammed Bin Zayed City,363,42,11.57,42.51,61.37,0.388,0.637,10,Beef Hot Dog
RST00529,Mandi House Al Nahda,Arabic,Sharjah,Al Nahda,374,32,8.56,42.7,61.01,0.345,0.825,10,Grilled Hammour
RST00545,Ihaw Ihaw International City,Filipino,Dubai,International City,414,54,13.04,43.09,50.04,0.433,0.496,10,Sisig Rice Bowl
RST00552,Capricciosa Muwaileh,Italian,Sharjah,Muwaileh,377,48,12.73,43.75,70.23,0.373,0.74,10,Lasagne al Forno
RST00555,Five Guys Kitchen Muwaileh,American,Sharjah,Muwaileh,390,40,10.26,40.83,61.07,0.356,0.785,10,Classic Smash Burger
RST00566,Bombay Kitchen Motor City,Indian,Dubai,Motor City,401,37,9.23,42.49,116.48,0.353,0.811,10,Gulab Jamun
RST00574,Islamabad Grill Masdar City,Pakistani,Abu Dhabi,Masdar City,397,46,11.59,44.6,106.68,0.39,0.692,10,Nihari
RST00589,Lahori Chaska Al Majaz,Pakistani,Sharjah,Al Majaz,388,40,10.31,43.2,52.41,0.372,0.741,10,Chapli Kebab
RST00595,Bedouin Kitchen Bur Dubai,Arabic,Dubai,Bur Dubai,416,41,9.86,43.44,63.06,0.384,0.725,10,Jareesh
RST00616,BBQ Tonight Al Nahda,Pakistani,Sharjah,Al Nahda,369,51,13.82,41.76,54.38,0.44,0.476,10,Haleem
RST00617,Dynasty Kitchen Sports City,Chinese,Dubai,Sports City,381,32,8.4,43.41,110.41,0.338,0.868,10,Kung Pao Chicken
RST00619,Peking House Business Bay,Chinese,Dubai,Business Bay,379,42,11.08,43.68,112.79,0.375,0.697,10,Wonton Soup
RST00624,Masala Junction JLT,Indian,Dubai,JLT,388,33,8.51,43.63,118.42,0.329,0.878,10,Garlic Naan
RST00634,Chai & Spice Festival City,Indian,Dubai,Festival City,396,39,9.85,42.73,240.43,0.401,0.635,10,Chicken Tikka Masala
RST00658,Pampanga Kitchen International City,Filipino,Dubai,International City,424,68,16.04,43.26,49.5,0.473,0.354,10,Halo Halo
RST00661,Peking House Discovery Gardens,Chinese,Dubai,Discovery Gardens,377,38,10.08,42.05,55.57,0.336,0.838,10,Kung Pao Chicken
RST00665,Bollywood Bites Al Taawun,Indian,Sharjah,Al Taawun,410,71,17.32,42.62,58.57,0.409,0.608,10,Palak Paneer
RST00670,Islamabad Grill Saadiyat Island,Pakistani,Abu Dhabi,Saadiyat Island,380,27,7.11,42.65,215.47,0.324,0.942,10,Haleem
RST00674,Wok to Walk Business Bay,Chinese,Dubai,Business Bay,404,42,10.4,43.24,97.31,0.328,0.902,10,Kung Pao Chicken
RST00677,Sisig Station Marina,Filipino,Dubai,Marina,386,45,11.66,44.45,200.99,0.37,0.785,10,Lechon Kawali
RST00695,Burger District JLT,American,Dubai,JLT,389,32,8.23,43.37,127.0,0.358,0.785,10,Loaded Fries
RST00706,All American Diner Al Taawun,American,Sharjah,Al Taawun,376,48,12.77,43.99,60.01,0.403,0.6,10,Chocolate Milkshake
RST00709,Peking House Yas Island,Chinese,Abu Dhabi,Yas Island,405,42,10.37,43.16,250.34,0.368,0.734,10,Peking Duck Wrap
RST00730,Sashimi Bar Oud Metha,Japanese,Dubai,Oud Metha,375,42,11.2,44.21,158.66,0.423,0.556,10,Chicken Katsu Curry
RST00733,La Cucina Al Nuaimiya,Italian,Ajman,Al Nuaimiya,366,32,8.74,41.54,72.24,0.371,0.71,10,Risotto ai Funghi
RST00739,Saffron Table Jumeirah Village Circle,Indian,Dubai,Jumeirah Village Circle,375,45,12.0,44.63,117.43,0.375,0.75,10,Lamb Rogan Josh
RST00742,Pizza Express Dubai Muwaileh,Italian,Sharjah,Muwaileh,367,33,8.99,42.84,72.46,0.317,0.967,10,Cannoli Siciliani
RST00754,Mezze House Al Furjan,Lebanese,Dubai,Al Furjan,435,66,15.17,44.17,112.07,0.482,0.308,10,Knafeh
RST00759,Dumpling Republic Business Bay,Chinese,Dubai,Business Bay,386,49,12.69,41.83,111.56,0.346,0.839,10,Peking Duck Wrap
RST00793,Liberty Grill Downtown,American,Dubai,Downtown,357,38,10.64,43.77,259.76,0.39,0.7,10,Classic Smash Burger
RST00802,Saffron Table Al Majaz,Indian,Sharjah,Al Majaz,404,50,12.38,42.58,56.32,0.436,0.507,10,Garlic Naan
RST00805,Noodle Bar Shanghai Al Taawun,Chinese,Sharjah,Al Taawun,388,43,11.08,42.64,54.39,0.39,0.69,10,Sweet & Sour Pork
RST00807,Al Dawaar Grill Bur Dubai,Arabic,Dubai,Bur Dubai,377,47,12.47,43.35,62.34,0.384,0.716,10,Chicken Shawarma
RST00841,Punjab Grill Saadiyat Island,Indian,Abu Dhabi,Saadiyat Island,405,45,11.11,41.99,250.77,0.367,0.729,10,Palak Paneer
RST00848,Edo Japanese Al Taawun,Japanese,Sharjah,Al Taawun,435,30,6.9,41.12,77.37,0.334,0.866,10,Salmon Sushi Roll
RST00854,La Cucina Al Rashidiya,Italian,Ajman,Al Rashidiya,381,41,10.76,42.91,69.98,0.375,0.748,10,Risotto ai Funghi
RST00858,Trattoria Roma Garhoud,Italian,Dubai,Garhoud,369,37,10.03,42.46,141.68,0.386,0.687,10,Lasagne al Forno
RST00868,Al Safadi Bur Dubai,Arabic,Dubai,Bur Dubai,396,41,10.35,43.17,64.55,0.372,0.725,10,Grilled Hammour
RST00910,Golden Dragon Jumeirah,Chinese,Dubai,Jumeirah,354,46,12.99,42.92,106.44,0.426,0.511,10,Wonton Soup
RST00916,Bombay Kitchen Al Taawun,Indian,Sharjah,Al Taawun,430,34,7.91,43.89,58.79,0.362,0.851,10,Chicken Biryani
RST00920,Dumpling Republic Al Jurf,Chinese,Ajman,Al Jurf,360,49,13.61,42.66,54.1,0.362,0.771,10,Dim Sum Basket
RST00929,Tandoor House Shahama,Indian,Abu Dhabi,Shahama,400,58,14.5,42.22,58.96,0.386,0.685,10,Gulab Jamun
RST00940,Dim Sum Palace Marina,Chinese,Dubai,Marina,426,41,9.62,40.5,237.57,0.359,0.75,10,Kung Pao Chicken
RST00956,Al Safadi Motor City,Arabic,Dubai,Motor City,412,57,13.83,41.8,128.21,0.419,0.51,10,Dates & Karak
RST00957,Dynasty Kitchen DIFC,Chinese,Dubai,DIFC,399,36,9.02,43.2,233.37,0.372,0.742,10,Mapo Tofu
RST00967,Islamabad Grill JLT,Pakistani,Dubai,JLT,397,45,11.34,42.97,104.23,0.378,0.738,10,Haleem
RST00968,Pizza Express Dubai Masdar City,Italian,Abu Dhabi,Masdar City,376,55,14.63,42.44,144.23,0.408,0.579,10,Pasta Carbonara
RST00996,Saffron Table Al Majaz,Indian,Sharjah,Al Majaz,420,55,13.1,43.43,57.64,0.38,0.727,10,Mango Lassi
RST00999,Bombay Kitchen Al Raha Beach,Indian,Abu Dhabi,Al Raha Beach,423,32,7.57,43.01,254.52,0.328,0.893,10,Lamb Rogan Josh
RST01005,Al Safadi Dubai Hills,Arabic,Dubai,Dubai Hills,403,40,9.93,41.52,288.38,0.371,0.715,10,Falafel Wrap
RST01029,Lutong Bahay Oud Metha,Filipino,Dubai,Oud Metha,388,41,10.57,42.94,97.12,0.339,0.836,10,Halo Halo
RST01033,Masala Junction Mohammed Bin Zayed City,Indian,Abu Dhabi,Mohammed Bin Zayed City,360,60,16.67,42.8,57.95,0.463,0.367,10,Chicken Biryani
RST01039,Lucky Wok Jumeirah Village Circle,Chinese,Dubai,Jumeirah Village Circle,416,57,13.7,42.73,107.57,0.423,0.526,10,Sweet & Sour Pork
RST01052,Mumbai Street Food Arabian Ranches,Indian,Dubai,Arabian Ranches,397,61,15.37,41.89,109.94,0.486,0.295,10,Samosa (2pcs)
RST01069,Al Safadi Al Nahda,Arabic,Sharjah,Al Nahda,426,48,11.27,44.08,65.57,0.396,0.682,10,Dates & Karak
RST01074,Jollibee Express Jumeirah Village Triangle,Filipino,Dubai,Jumeirah Village Triangle,405,50,12.35,44.06,100.41,0.391,0.745,10,Kare Kare
RST01075,Curry Leaf Khalifa City,Indian,Abu Dhabi,Khalifa City,376,28,7.45,43.79,114.57,0.373,0.733,10,Chicken Biryani
RST01081,Chai & Spice Mirdif,Indian,Dubai,Mirdif,435,64,14.71,41.99,116.17,0.445,0.445,10,Butter Chicken
RST01108,Sarap Dito Discovery Gardens,Filipino,Dubai,Discovery Gardens,395,35,8.86,43.14,52.73,0.363,0.769,10,Sinigang na Baboy
RST01111,Masala Junction Al Nahda,Indian,Sharjah,Al Nahda,413,50,12.11,42.3,57.18,0.379,0.737,10,Chicken Biryani
RST01124,Bollywood Bites Al Mushrif,Indian,Abu Dhabi,Al Mushrif,384,48,12.5,43.26,122.67,0.374,0.745,10,Garlic Naan
RST01129,Lucky Wok Tourist Club Area,Chinese,Abu Dhabi,Tourist Club Area,352,35,9.94,40.82,106.16,0.341,0.859,10,Fried Rice Special
RST01140,Bedouin Kitchen Tourist Club Area,Arabic,Abu Dhabi,Tourist Club Area,364,37,10.16,42.14,126.65,0.415,0.579,10,Jareesh
RST01144,Lahori Chaska Al Rashidiya,Pakistani,Ajman,Al Rashidiya,383,60,15.67,42.29,52.87,0.395,0.665,10,Karahi Chicken
RST01178,Peking House Dubai South,Chinese,Dubai,Dubai South,388,39,10.05,43.1,53.9,0.377,0.743,10,Peking Duck Wrap
RST01180,Smash & Stack Masdar City,American,Abu Dhabi,Masdar City,394,52,13.2,41.8,119.18,0.352,0.806,10,Mac & Cheese
RST01186,The Wing Co Bur Dubai,American,Dubai,Bur Dubai,383,32,8.36,41.49,63.54,0.357,0.775,10,Philly Cheesesteak
RST01188,Zaatar w Zeit Palm Jumeirah,Lebanese,Dubai,Palm Jumeirah,385,49,12.73,42.93,246.19,0.381,0.694,10,Knafeh
RST01189,Wok to Walk Deira,Chinese,Dubai,Deira,402,75,18.66,43.7,53.64,0.492,0.264,10,Peking Duck Wrap
RST01194,Noodle Bar Shanghai Al Mushrif,Chinese,Abu Dhabi,Al Mushrif,385,43,11.17,42.7,104.54,0.433,0.5,10,Mapo Tofu
RST01201,Suhoor Lounge Festival City,Arabic,Dubai,Festival City,388,36,9.28,44.24,304.66,0.359,0.8,10,Lamb Mandi
RST01202,Manila Garden Al Reem Island,Filipino,Abu Dhabi,Al Reem Island,379,37,9.76,41.99,95.96,0.401,0.619,10,Chicken Adobo
RST01209,Leila Restaurant Business Bay,Lebanese,Dubai,Business Bay,388,41,10.57,41.79,113.58,0.377,0.702,10,Mezze Platter
RST01237,Smash & Stack Yas Island,American,Abu Dhabi,Yas Island,389,36,9.25,41.59,267.44,0.374,0.751,10,Onion Rings
RST01251,Ihaw Ihaw Motor City,Filipino,Dubai,Motor City,390,34,8.72,42.15,96.77,0.381,0.723,10,Beef Caldereta
RST01253,Saffron Table Al Jurf,Indian,Ajman,Al Jurf,397,45,11.34,43.22,57.5,0.343,0.833,10,Lamb Rogan Josh
RST01257,Golden Curry Al Barsha,Indian,Dubai,Al Barsha,401,46,11.47,42.66,114.91,0.352,0.805,10,Mango Lassi
RST01266,Mumbai Street Food Al Taawun,Indian,Sharjah,Al Taawun,374,41,10.96,42.44,56.07,0.387,0.709,10,Butter Chicken
RST01270,Al Dawaar Grill Mirdif,Arabic,Dubai,Mirdif,375,45,12.0,43.24,127.65,0.377,0.743,10,Machboos
RST01278,Peshawar Wala Tourist Club Area,Pakistani,Abu Dhabi,Tourist Club Area,376,35,9.31,42.88,102.05,0.371,0.718,10,Daal Chawal
RST01285,Nonna Rosa Al Taawun,Italian,Sharjah,Al Taawun,378,47,12.43,44.71,71.56,0.387,0.694,10,Chicken Parmigiana
RST01300,BBQ Tonight Al Nahda,Pakistani,Sharjah,Al Nahda,383,44,11.49,43.16,53.7,0.398,0.642,10,Karahi Chicken
RST01306,Lucky Wok Bur Dubai,Chinese,Dubai,Bur Dubai,363,37,10.19,44.25,54.05,0.378,0.742,10,Peking Duck Wrap
RST01311,Masala Junction Marina,Indian,Dubai,Marina,368,42,11.41,43.0,241.68,0.414,0.592,10,Mango Lassi
RST01323,Pasta Fresca Oud Metha,Italian,Dubai,Oud Metha,353,34,9.63,44.03,145.2,0.366,0.772,10,Pasta Carbonara
RST01330,Mumbai Street Food Marina,Indian,Dubai,Marina,410,34,8.29,41.36,238.78,0.357,0.817,10,Chicken Biryani
RST01335,Karachi Darbar Al Quoz,Pakistani,Dubai,Al Quoz,404,59,14.6,43.57,51.91,0.384,0.692,10,Sheer Khurma
RST01343,BBQ Tonight Arabian Ranches,Pakistani,Dubai,Arabian Ranches,406,48,11.82,40.09,103.52,0.362,0.726,10,Daal Chawal
RST01344,Tandoor House Al Nahda,Indian,Sharjah,Al Nahda,372,25,6.72,41.9,61.96,0.347,0.826,10,Chicken Tikka Masala
RST01367,Jade Garden Al Taawun,Chinese,Sharjah,Al Taawun,379,51,13.46,42.81,54.53,0.394,0.654,10,Spring Rolls (4pcs)
RST01372,Bedouin Kitchen Karama,Arabic,Dubai,Karama,380,56,14.74,42.81,60.53,0.419,0.53,10,Grilled Hammour
RST01412,Ihaw Ihaw Oud Metha,Filipino,Dubai,Oud Metha,376,59,15.69,43.85,100.1,0.45,0.436,10,Kare Kare
RST01424,Smash & Stack Downtown,American,Dubai,Downtown,406,45,11.08,44.75,256.44,0.388,0.669,10,Classic Smash Burger
RST01457,Dumpling Republic Al Majaz,Chinese,Sharjah,Al Majaz,372,50,13.44,44.28,55.44,0.393,0.678,10,Peking Duck Wrap
RST01466,Suhoor Lounge Nad Al Sheba,Arabic,Dubai,Nad Al Sheba,362,52,14.36,42.73,129.25,0.427,0.559,10,Mixed Grill
RST01482,Adobo House Al Raha Beach,Filipino,Abu Dhabi,Al Raha Beach,386,40,10.36,44.48,199.3,0.355,0.835,10,Sinigang na Baboy
RST01505,Al Hamra Pakistani Downtown,Pakistani,Dubai,Downtown,375,29,7.73,43.18,227.96,0.323,0.936,10,Seekh Kebab
RST01510,Lutong Bahay International City,Filipino,Dubai,International City,431,49,11.37,42.34,48.66,0.381,0.699,10,Pancit Canton
RST01511,Adobo House Business Bay,Filipino,Dubai,Business Bay,388,62,15.98,41.58,97.95,0.431,0.484,10,Halo Halo
RST01520,Shawarma Station Al Nahda,Arabic,Sharjah,Al Nahda,382,38,9.95,42.28,62.98,0.368,0.758,10,Grilled Hammour
RST01534,Mumbai Street Food DIFC,Indian,Dubai,DIFC,393,54,13.74,40.39,242.16,0.326,0.857,10,Garlic Naan
RST01539,Sakura Sushi Marina,Japanese,Dubai,Marina,371,30,8.09,41.67,350.01,0.356,0.819,10,Matcha Ice Cream
RST01544,Adobo House Al Nahda,Filipino,Sharjah,Al Nahda,376,39,10.37,42.67,49.47,0.341,0.863,10,Longganisa Rice
RST01560,Punjab Grill Al Quoz,Indian,Dubai,Al Quoz,366,23,6.28,42.19,56.53,0.331,0.914,10,Palak Paneer
RST01569,Delhi Darbar Al Nahda Dubai,Indian,Dubai,Al Nahda Dubai,380,45,11.84,41.36,58.94,0.388,0.665,10,Dal Makhani
RST01570,Tawlet Al Karamah,Lebanese,Abu Dhabi,Al Karamah,365,38,10.41,42.71,113.01,0.358,0.793,10,Fattoush Salad
RST01612,Karachi Darbar Business Bay,Pakistani,Dubai,Business Bay,383,33,8.62,43.78,98.03,0.342,0.902,10,Sheer Khurma
RST01625,Namaste Kitchen Corniche,Indian,Abu Dhabi,Corniche,402,31,7.71,40.97,253.76,0.328,0.883,10,Garlic Naan
RST01627,Tandoor House Masdar City,Indian,Abu Dhabi,Masdar City,364,28,7.69,42.32,115.11,0.324,0.888,10,Chicken Tikka Masala
RST01630,Lahori Chaska Jumeirah,Pakistani,Dubai,Jumeirah,384,41,10.68,41.69,97.73,0.359,0.75,10,Paya Soup
RST01643,Tawlet DIFC,Lebanese,Dubai,DIFC,417,38,9.11,42.94,242.51,0.363,0.782,10,Lamb Kibbeh
RST01645,Masala Junction Palm Jumeirah,Indian,Dubai,Palm Jumeirah,387,42,10.85,42.57,247.73,0.365,0.763,10,Chicken Biryani
RST01655,Royal Biryani House Al Nahda,Indian,Sharjah,Al Nahda,391,36,9.21,44.05,57.79,0.336,0.869,10,Lamb Rogan Josh
RST01658,Namaste Kitchen Al Furjan,Indian,Dubai,Al Furjan,397,27,6.8,41.89,120.48,0.337,0.859,10,Chicken Tikka Masala
RST01688,Dumpling Republic Al Taawun,Chinese,Sharjah,Al Taawun,367,38,10.35,43.26,55.06,0.362,0.782,10,Peking Duck Wrap
RST01693,Pizza Express Dubai Al Nuaimiya,Italian,Ajman,Al Nuaimiya,396,41,10.35,42.92,71.07,0.37,0.726,10,Margherita Pizza
RST01698,Mumbai Street Food JLT,Indian,Dubai,JLT,406,54,13.3,42.78,116.79,0.375,0.72,10,Samosa (2pcs)
RST01703,Punjab Grill Muwaileh,Indian,Sharjah,Muwaileh,366,50,13.66,41.64,54.27,0.404,0.589,10,Butter Chicken
RST01706,Maharaja Palace Silicon Oasis,Indian,Dubai,Silicon Oasis,375,59,15.73,42.89,60.04,0.402,0.59,10,Palak Paneer
RST01708,Al Dawaar Grill Al Jurf,Arabic,Ajman,Al Jurf,394,42,10.66,43.14,62.65,0.382,0.695,10,Machboos
RST01731,Royal Biryani House International City,Indian,Dubai,International City,397,48,12.09,43.3,56.42,0.414,0.602,10,Mango Lassi
RST01745,Bedouin Kitchen Saadiyat Island,Arabic,Abu Dhabi,Saadiyat Island,387,36,9.3,43.99,276.73,0.332,0.946,10,Falafel Wrap
RST01749,Adobo House Al Rashidiya,Filipino,Ajman,Al Rashidiya,362,33,9.12,43.97,51.11,0.36,0.799,10,Beef Caldereta
RST01753,Ceylon Spice Creek Harbour,Sri Lankan,Dubai,Creek Harbour,384,49,12.76,42.96,189.85,0.41,0.557,3,Fish Ambul Thiyal
RST01756,Burger District Al Khalidiyah,American,Abu Dhabi,Al Khalidiyah,380,37,9.74,42.44,128.55,0.37,0.733,10,Beef Hot Dog
RST01769,Shake Shack Express Downtown,American,Dubai,Downtown,368,36,9.78,42.79,251.18,0.373,0.737,10,Onion Rings
RST01775,BBQ Smokehouse Al Taawun,American,Sharjah,Al Taawun,402,47,11.69,44.34,63.1,0.401,0.643,10,Chocolate Milkshake
RST01782,Edo Japanese Corniche,Japanese,Abu Dhabi,Corniche,408,50,12.25,44.96,355.73,0.394,0.632,10,Salmon Sushi Roll
RST01784,Fattoush Kitchen Al Nahda,Lebanese,Sharjah,Al Nahda,351,33,9.4,44.02,57.53,0.36,0.807,10,Fattoush Salad
RST01787,Tagalog Tastes Khalifa City,Filipino,Abu Dhabi,Khalifa City,358,35,9.78,44.52,95.86,0.366,0.768,10,Sisig Rice Bowl
RST01802,Lahori Chaska Jumeirah Village Triangle,Pakistani,Dubai,Jumeirah Village Triangle,399,34,8.52,43.62,108.16,0.338,0.879,10,Karahi Chicken
RST01806,Al Fanar International City,Arabic,Dubai,International City,393,47,11.96,42.42,63.44,0.378,0.721,10,Dates & Karak
RST01824,Masala Junction JLT,Indian,Dubai,JLT,363,37,10.19,42.6,117.5,0.365,0.734,10,Samosa (2pcs)
RST01825,Patty Perfect Deira,American,Dubai,Deira,377,43,11.41,42.92,63.39,0.405,0.635,10,Nashville Hot Tenders
RST01826,Maharaja Palace Al Quoz,Indian,Dubai,Al Quoz,363,66,18.18,43.9,56.55,0.49,0.334,10,Butter Chicken
RST01839,Lutong Bahay Yas Island,Filipino,Abu Dhabi,Yas Island,381,48,12.6,43.15,192.02,0.403,0.629,10,Sisig Rice Bowl
RST01871,Pasta Fresca Hamdan Street,Italian,Abu Dhabi,Hamdan Street,370,26,7.03,42.0,141.62,0.308,0.972,10,Pasta Carbonara
RST01882,Curry Leaf Al Karamah,Indian,Abu Dhabi,Al Karamah,382,50,13.09,45.41,115.77,0.401,0.618,10,Chicken Tikka Masala
RST01884,Punjab Grill Downtown,Indian,Dubai,Downtown,401,43,10.72,41.38,247.25,0.366,0.745,10,Gulab Jamun
RST01886,Beirut Express Jumeirah,Lebanese,Dubai,Jumeirah,400,47,11.75,43.53,119.14,0.396,0.68,10,Warak Dawali
RST01889,Delhi Darbar Al Majaz,Indian,Sharjah,Al Majaz,383,36,9.4,44.44,52.58,0.348,0.854,10,Samosa (2pcs)
RST01890,Al Fanar Jumeirah,Arabic,Dubai,Jumeirah,364,40,10.99,42.75,127.9,0.373,0.729,10,Grilled Hammour
RST01895,Emirati Table Al Nahda,Arabic,Sharjah,Al Nahda,408,39,9.56,42.04,63.54,0.363,0.725,10,Kabsa
RST01898,Patty Perfect Muwaileh,American,Sharjah,Muwaileh,380,30,7.89,43.65,60.83,0.366,0.766,10,BBQ Chicken Wings
RST01913,Jollibee Express Khalidiyah,Filipino,Abu Dhabi,Khalidiyah,402,34,8.46,43.84,99.36,0.338,0.875,10,Crispy Pata
RST01915,Liberty Grill Downtown,American,Dubai,Downtown,423,34,8.04,43.36,254.53,0.347,0.874,10,Philly Cheesesteak
RST01927,Khaleeji Bites Jumeirah,Arabic,Dubai,Jumeirah,377,34,9.02,42.06,128.05,0.372,0.717,10,Dates & Karak
RST01948,Mandi House Al Nuaimiya,Arabic,Ajman,Al Nuaimiya,410,32,7.8,41.73,64.89,0.351,0.809,10,Falafel Wrap
RST01979,Al Fanar Tourist Club Area,Arabic,Abu Dhabi,Tourist Club Area,395,46,11.65,41.85,128.27,0.376,0.722,10,Hummus Platter
RST01984,El Rancho Mexican Al Mushrif,Mexican,Abu Dhabi,Al Mushrif,392,52,13.27,42.73,109.16,0.384,0.638,3,Chicken Burrito
RST01985,Fattoush Kitchen JLT,Lebanese,Dubai,JLT,398,23,5.78,42.76,121.74,0.31,0.981,10,Kafta Wrap
RST01992,La Cucina JLT,Italian,Dubai,JLT,355,38,10.7,41.03,145.47,0.408,0.639,10,Risotto ai Funghi
RST01995,Namaste Kitchen Business Bay,Indian,Dubai,Business Bay,396,53,13.38,43.78,112.57,0.385,0.695,10,Chicken Biryani
RST00011,Dumpling Republic Jumeirah Village Circle,Chinese,Dubai,Jumeirah Village Circle,383,47,12.27,45.2,111.1,0.356,0.84,10,Mapo Tofu
RST00016,Curry Leaf Dubai Hills,Indian,Dubai,Dubai Hills,402,51,12.69,41.1,241.65,0.411,0.584,10,Chicken Biryani
RST00054,Bedouin Kitchen Shahama,Arabic,Abu Dhabi,Shahama,398,26,6.53,43.75,62.44,0.334,0.858,10,Jareesh
RST00071,Dim Sum Palace Khalidiyah,Chinese,Abu Dhabi,Khalidiyah,401,41,10.22,42.27,111.07,0.387,0.666,10,Dim Sum Basket
RST00073,Maharaja Palace Business Bay,Indian,Dubai,Business Bay,372,28,7.53,44.51,115.07,0.35,0.831,10,Palak Paneer
RST00078,Delhi Darbar Al Taawun,Indian,Sharjah,Al Taawun,385,32,8.31,42.89,58.73,0.334,0.886,10,Dal Makhani
RST00085,The Wing Co Al Khalidiyah,American,Abu Dhabi,Al Khalidiyah,395,42,10.63,44.28,124.49,0.403,0.646,10,Mac & Cheese
RST00089,Masala Junction Mirdif,Indian,Dubai,Mirdif,397,47,11.84,42.91,121.57,0.323,0.944,10,Palak Paneer
RST00102,Jollibee Express Dubai Hills,Filipino,Dubai,Dubai Hills,412,51,12.38,42.67,202.86,0.453,0.406,10,Halo Halo
RST00156,Bollywood Bites Al Raha Beach,Indian,Abu Dhabi,Al Raha Beach,391,38,9.72,43.57,243.92,0.319,0.973,10,Palak Paneer
RST00173,Al Fanar Al Nuaimiya,Arabic,Ajman,Al Nuaimiya,382,56,14.66,43.31,62.15,0.466,0.38,10,Machboos
RST00187,Bombay Kitchen Al Reef,Indian,Abu Dhabi,Al Reef,361,35,9.7,41.6,60.32,0.355,0.789,10,Mango Lassi
RST00189,Al Dawaar Grill Downtown,Arabic,Dubai,Downtown,402,48,11.94,43.54,319.09,0.389,0.674,10,Hummus Platter
RST00209,Mumbai Street Food Downtown,Indian,Dubai,Downtown,377,47,12.47,43.4,253.97,0.393,0.696,10,Lamb Rogan Josh
RST00277,Dynasty Kitchen Oud Metha,Chinese,Dubai,Oud Metha,361,46,12.74,42.68,107.61,0.418,0.556,10,Fried Rice Special
RST00279,Trattoria Roma Mirdif,Italian,Dubai,Mirdif,365,36,9.86,41.68,141.68,0.383,0.688,10,Lasagne al Forno
RST00280,Karachi Darbar Al Majaz,Pakistani,Sharjah,Al Majaz,373,36,9.65,42.77,52.72,0.329,0.922,10,Haleem
RST00287,Vesuvio Kitchen Discovery Gardens,Italian,Dubai,Discovery Gardens,420,35,8.33,42.63,68.53,0.311,0.981,10,Bruschetta
RST00290,Jade Garden Al Rashidiya,Chinese,Ajman,Al Rashidiya,376,48,12.77,43.41,53.22,0.425,0.55,10,Mapo Tofu
RST00309,Suhoor Lounge Al Muroor,Arabic,Abu Dhabi,Al Muroor,371,42,11.32,42.7,64.69,0.376,0.74,10,Falafel Wrap
RST00328,Khaleeji Bites Al Furjan,Arabic,Dubai,Al Furjan,369,30,8.13,44.34,126.3,0.336,0.913,10,Kabsa
RST00329,BBQ Smokehouse Al Nahda Dubai,American,Dubai,Al Nahda Dubai,439,37,8.43,42.84,63.29,0.316,0.96,10,Nashville Hot Tenders
RST00369,Punjab Grill JLT,Indian,Dubai,JLT,383,39,10.18,43.45,113.26,0.343,0.852,10,Lamb Rogan Josh
RST00372,Masala Junction International City,Indian,Dubai,International City,364,29,7.97,41.94,58.66,0.39,0.632,10,Dal Makhani
RST00400,Masala Junction Al Quoz,Indian,Dubai,Al Quoz,385,44,11.43,43.41,58.76,0.345,0.825,10,Samosa (2pcs)
RST00496,Adobo House Deira,Filipino,Dubai,Deira,399,30,7.52,42.57,49.09,0.345,0.858,10,Beef Caldereta
RST00542,Lucky Wok Sports City,Chinese,Dubai,Sports City,386,39,10.1,44.5,110.91,0.367,0.771,10,Dim Sum Basket
RST00544,Namaste Kitchen Al Rashidiya,Indian,Ajman,Al Rashidiya,398,46,11.56,42.32,56.79,0.372,0.688,10,Samosa (2pcs)
RST00559,Byblos on the Sea Al Nuaimiya,Lebanese,Ajman,Al Nuaimiya,402,56,13.93,41.87,57.13,0.425,0.515,10,Mezze Platter
RST00582,Mandi House Al Taawun,Arabic,Sharjah,Al Taawun,402,32,7.96,44.31,61.84,0.353,0.821,10,Grilled Hammour
RST00587,Al Fanar Marina,Arabic,Dubai,Marina,377,44,11.67,43.42,290.74,0.385,0.721,10,Mixed Grill
RST00591,Curry Leaf Oud Metha,Indian,Dubai,Oud Metha,379,33,8.71,42.72,116.54,0.373,0.743,10,Lamb Rogan Josh
RST00605,Lanka Bites Al Nahda,Sri Lankan,Sharjah,Al Nahda,335,32,9.55,44.73,48.5,0.368,0.758,3,Rice & Curry
RST00641,Pizza Express Dubai Jumeirah,Italian,Dubai,Jumeirah,346,24,6.94,41.42,144.4,0.313,0.939,10,Tiramisu
RST00652,Sawadee Kitchen Al Furjan,Thai,Dubai,Al Furjan,365,44,12.05,43.51,104.1,0.442,0.489,5,Thai Basil Fried Rice
RST00699,Jade Garden JLT,Chinese,Dubai,JLT,385,58,15.06,42.97,108.83,0.423,0.549,10,Peking Duck Wrap
RST00763,Wok to Walk Creek Harbour,Chinese,Dubai,Creek Harbour,376,34,9.04,42.23,217.92,0.335,0.893,10,Spring Rolls (4pcs)
RST00786,Amalfi Table Masdar City,Italian,Abu Dhabi,Masdar City,398,65,16.33,43.02,144.7,0.411,0.564,10,Tiramisu
RST00808,Namaste Kitchen Al Raha Beach,Indian,Abu Dhabi,Al Raha Beach,396,40,10.1,43.19,238.55,0.385,0.665,10,Samosa (2pcs)
RST00812,Islamabad Grill Khalidiyah,Pakistani,Abu Dhabi,Khalidiyah,394,49,12.44,43.33,106.39,0.369,0.768,10,Chapli Kebab
RST00831,Sashimi Bar JLT,Japanese,Dubai,JLT,388,38,9.79,42.89,153.08,0.349,0.831,10,Tonkotsu Ramen
RST00852,Maharaja Palace Corniche,Indian,Abu Dhabi,Corniche,382,57,14.92,43.02,238.07,0.423,0.529,10,Chicken Tikka Masala
RST00863,Al Dawaar Grill Festival City,Arabic,Dubai,Festival City,359,46,12.81,41.82,309.27,0.44,0.441,10,Grilled Hammour
RST00939,El Rancho Mexican Palm Jumeirah,Mexican,Dubai,Palm Jumeirah,361,45,12.47,43.81,228.53,0.371,0.749,3,Beef Tacos (3pcs)
RST00947,Colombo Kitchen Jumeirah,Sri Lankan,Dubai,Jumeirah,370,35,9.46,42.91,87.9,0.373,0.741,3,Rice & Curry
RST00952,Peking House Sports City,Chinese,Dubai,Sports City,412,43,10.44,42.0,113.79,0.366,0.75,10,Beef Chow Mein
RST00965,Lahori Chaska Oud Metha,Pakistani,Dubai,Oud Metha,350,34,9.71,42.69,103.84,0.36,0.777,10,Karahi Chicken
RST01000,La Cucina Mirdif,Italian,Dubai,Mirdif,428,49,11.45,43.92,145.33,0.365,0.787,10,Tiramisu
RST01010,Fattoush Kitchen Karama,Lebanese,Dubai,Karama,366,44,12.02,43.42,56.52,0.348,0.833,10,Baba Ghanoush
RST01021,Shake Shack Express Dubai Hills,American,Dubai,Dubai Hills,386,25,6.48,42.08,248.66,0.372,0.74,10,Mac & Cheese
RST01053,Five Guys Kitchen Garhoud,American,Dubai,Garhoud,330,47,14.24,41.74,121.14,0.355,0.806,10,Chocolate Milkshake
RST01086,Pampanga Kitchen Al Reef,Filipino,Abu Dhabi,Al Reef,383,37,9.66,42.61,50.38,0.348,0.843,10,Beef Caldereta
RST01102,Al Safadi Al Nahda,Arabic,Sharjah,Al Nahda,372,40,10.75,43.67,63.45,0.386,0.684,10,Falafel Wrap
RST01105,Al Safadi Al Barsha,Arabic,Dubai,Al Barsha,406,68,16.75,44.64,134.79,0.465,0.378,10,Falafel Wrap
RST01154,Arabian Nights Kitchen Al Majaz,Arabic,Sharjah,Al Majaz,399,61,15.29,42.45,61.4,0.411,0.547,10,Hummus Platter
RST01166,Lotus Thai Al Rashidiya,Thai,Ajman,Al Rashidiya,418,44,10.53,44.4,53.45,0.34,0.897,5,Pad Thai
RST01197,Delhi Darbar DIFC,Indian,Dubai,DIFC,400,42,10.5,43.6,243.89,0.383,0.714,10,Chicken Biryani
RST01206,Saffron Table Masdar City,Indian,Abu Dhabi,Masdar City,415,59,14.22,42.76,110.32,0.413,0.534,10,Samosa (2pcs)
RST01233,Il Pomodoro Al Reem Island,Italian,Abu Dhabi,Al Reem Island,355,36,10.14,43.38,135.98,0.38,0.718,10,Pasta Carbonara
RST01235,Tandoor House Business Bay,Indian,Dubai,Business Bay,351,51,14.53,43.05,116.09,0.403,0.599,10,Dal Makhani
RST01283,Nobu Express International City,Japanese,Dubai,International City,403,51,12.66,43.05,76.87,0.428,0.518,10,Yakitori Skewers
RST01297,Smash & Stack Al Nahda,American,Sharjah,Al Nahda,385,33,8.57,42.3,59.41,0.346,0.846,10,Beef Hot Dog
RST01314,Saffron Table Motor City,Indian,Dubai,Motor City,379,46,12.14,40.58,115.23,0.383,0.698,10,Dal Makhani
RST01316,Shake Shack Express JLT,American,Dubai,JLT,438,51,11.64,43.21,118.08,0.404,0.633,10,Nashville Hot Tenders
RST01326,Dim Sum Palace Al Nuaimiya,Chinese,Ajman,Al Nuaimiya,407,59,14.5,43.59,55.19,0.452,0.471,10,Dim Sum Basket
RST01346,Adobo House Electra Street,Filipino,Abu Dhabi,Electra Street,366,40,10.93,43.68,94.3,0.361,0.774,10,Halo Halo
RST01347,Mumbai Street Food Creek Harbour,Indian,Dubai,Creek Harbour,388,36,9.28,44.97,244.94,0.353,0.829,10,Gulab Jamun
RST01358,Suhoor Lounge Deira,Arabic,Dubai,Deira,371,39,10.51,43.22,60.92,0.381,0.681,10,Falafel Wrap
RST01362,Bollywood Bites Al Nahda Dubai,Indian,Dubai,Al Nahda Dubai,404,40,9.9,42.85,57.57,0.353,0.793,10,Lamb Rogan Josh
RST01370,Mumbai Street Food Business Bay,Indian,Dubai,Business Bay,398,35,8.79,42.9,115.65,0.307,0.972,10,Garlic Naan
RST01394,Yakitori Yoshi Al Shamkha,Japanese,Abu Dhabi,Al Shamkha,403,35,8.68,44.17,75.92,0.319,0.966,10,Yakitori Skewers
RST01403,Maharaja Palace Business Bay,Indian,Dubai,Business Bay,353,36,10.2,43.79,116.86,0.385,0.697,10,Butter Chicken
RST01411,Tokyo Kitchen Business Bay,Japanese,Dubai,Business Bay,375,40,10.67,43.59,149.64,0.324,0.928,10,Yakitori Skewers
RST01439,Five Guys Kitchen Al Reem Island,American,Abu Dhabi,Al Reem Island,397,44,11.08,42.91,124.71,0.393,0.668,10,Chocolate Milkshake
RST01453,Arabian Nights Kitchen Al Rashidiya,Arabic,Ajman,Al Rashidiya,383,40,10.44,43.81,63.1,0.354,0.833,10,Dates & Karak
RST01490,Babel Beirut Arabian Ranches,Lebanese,Dubai,Arabian Ranches,369,38,10.3,44.38,112.78,0.346,0.832,10,Knafeh
RST01498,Spice Route Al Furjan,Indian,Dubai,Al Furjan,382,46,12.04,43.54,118.3,0.386,0.682,10,Gulab Jamun
RST01504,Tandoor House Al Reem Island,Indian,Abu Dhabi,Al Reem Island,385,41,10.65,43.53,119.04,0.398,0.628,10,Samosa (2pcs)
RST01519,Lahori Chaska Al Rashidiya,Pakistani,Ajman,Al Rashidiya,389,43,11.05,44.26,50.29,0.404,0.628,10,Mutton Biryani
RST01540,Tokyo Kitchen Al Muroor,Japanese,Abu Dhabi,Al Muroor,383,38,9.92,41.05,75.49,0.362,0.788,10,Tonkotsu Ramen
RST01547,The Wing Co Business Bay,American,Dubai,Business Bay,363,53,14.6,45.17,124.67,0.43,0.534,10,Beef Hot Dog
RST01566,Green Valley Pakistani Downtown,Pakistani,Dubai,Downtown,362,49,13.54,42.77,214.47,0.416,0.541,10,Karahi Chicken
RST01567,Bombay Kitchen International City,Indian,Dubai,International City,392,57,14.54,43.64,57.96,0.414,0.592,10,Chicken Tikka Masala
RST01574,Mumbai Street Food Business Bay,Indian,Dubai,Business Bay,378,37,9.79,40.47,119.42,0.371,0.717,10,Chicken Biryani
RST01608,Maharaja Palace Karama,Indian,Dubai,Karama,425,51,12.0,42.77,56.03,0.403,0.577,10,Mango Lassi
RST01620,Nonna Rosa Jumeirah,Italian,Dubai,Jumeirah,352,29,8.24,41.78,144.21,0.328,0.894,10,Lasagne al Forno
RST01632,Adobo House Al Reef,Filipino,Abu Dhabi,Al Reef,353,42,11.9,42.56,52.03,0.335,0.892,10,Halo Halo
RST01633,Patty Perfect Dubai Hills,American,Dubai,Dubai Hills,400,52,13.0,42.02,251.67,0.404,0.592,10,Loaded Fries
RST01649,Namaste Kitchen Bur Dubai,Indian,Dubai,Bur Dubai,373,58,15.55,42.96,59.2,0.437,0.467,10,Chicken Biryani
RST01697,Pampanga Kitchen Muwaileh,Filipino,Sharjah,Muwaileh,359,29,8.08,41.88,49.68,0.314,0.975,10,Sinigang na Baboy
RST01701,Dumpling Republic Arabian Ranches,Chinese,Dubai,Arabian Ranches,411,38,9.25,42.82,107.15,0.395,0.617,10,Peking Duck Wrap
RST01717,Saffron Table Muwaileh,Indian,Sharjah,Muwaileh,389,43,11.05,42.54,58.37,0.406,0.594,10,Gulab Jamun
RST01735,Bombay Kitchen Dubai South,Indian,Dubai,Dubai South,386,52,13.47,42.93,57.41,0.427,0.493,10,Butter Chicken
RST01736,Shawarma Station Al Nahda,Arabic,Sharjah,Al Nahda,378,53,14.02,44.31,61.1,0.453,0.451,10,Machboos
RST01746,Sarap Dito Marina,Filipino,Dubai,Marina,351,55,15.67,43.58,204.22,0.421,0.547,10,Chicken Adobo
RST01759,El Rancho Mexican Tourist Club Area,Mexican,Abu Dhabi,Tourist Club Area,378,44,11.64,44.39,112.27,0.414,0.604,3,Loaded Nachos
RST01763,BBQ Smokehouse Motor City,American,Dubai,Motor City,358,50,13.97,42.94,122.8,0.39,0.68,10,BBQ Chicken Wings
RST01779,Maharaja Palace Al Barsha,Indian,Dubai,Al Barsha,363,32,8.82,43.87,121.65,0.348,0.849,10,Lamb Rogan Josh
RST01805,Haleem Express JLT,Pakistani,Dubai,JLT,391,57,14.58,41.3,106.82,0.399,0.614,10,Haleem
RST01810,Suhoor Lounge Al Majaz,Arabic,Sharjah,Al Majaz,411,31,7.54,44.32,64.94,0.353,0.829,10,Chicken Shawarma
RST01812,Manila Garden Al Raha Beach,Filipino,Abu Dhabi,Al Raha Beach,385,56,14.55,41.93,196.85,0.402,0.622,10,Halo Halo
RST01818,Burrito Bandido Al Taawun,Mexican,Sharjah,Al Taawun,376,37,9.84,41.22,60.09,0.362,0.737,3,Loaded Nachos
RST01865,Royal Biryani House JLT,Indian,Dubai,JLT,365,38,10.41,42.66,110.97,0.412,0.592,10,Mango Lassi
RST01891,Maharaja Palace Discovery Gardens,Indian,Dubai,Discovery Gardens,376,34,9.04,44.15,58.55,0.369,0.77,10,Lamb Rogan Josh
RST01896,Nihari House DIFC,Pakistani,Dubai,DIFC,389,48,12.34,40.22,221.44,0.351,0.779,10,Haleem
RST01902,Il Pomodoro Al Majaz,Italian,Sharjah,Al Majaz,369,63,17.07,41.72,72.95,0.467,0.337,10,Pasta Carbonara
RST01905,Royal Biryani House Business Bay,Indian,Dubai,Business Bay,389,51,13.11,42.29,122.13,0.398,0.641,10,Gulab Jamun
RST01908,Tandoor House Muwaileh,Indian,Sharjah,Muwaileh,362,33,9.12,41.68,59.25,0.333,0.864,10,Samosa (2pcs)
RST01909,Lahori Chaska Deira,Pakistani,Dubai,Deira,403,35,8.68,42.78,52.26,0.328,0.927,10,Mutton Biryani
RST01940,Adobo House Jumeirah Village Triangle,Filipino,Dubai,Jumeirah Village Triangle,398,50,12.56,41.81,98.15,0.359,0.788,10,Kare Kare
RST01963,Delhi Darbar Arabian Ranches,Indian,Dubai,Arabian Ranches,372,34,9.14,43.74,111.58,0.321,0.953,10,Lamb Rogan Josh
RST01973,BBQ Tonight Saadiyat Island,Pakistani,Abu Dhabi,Saadiyat Island,396,55,13.89,43.06,219.55,0.42,0.544,10,Mutton Biryani
